island,country,province
Svalbard,SVA,Svalbard
Greenland,GL,Greenland
Hans Island,GL,Greenland
Hans Island,CDN,Nunavut
Iceland,IS,Iceland
Austvågøy,N,Nordland
Streymoy,FO,Faroe Islands
Ireland,IRL,Leinster
Ireland,IRL,Munster
Ireland,IRL,Connacht
Ireland,IRL,Ulster
Ireland,GB,Northern Ireland
Great Britain,GB,North East England
Great Britain,GB,North West England
Great Britain,GB,Yorkshire and the Humber
Great Britain,GB,East Midlands
Great Britain,GB,West Midlands
Great Britain,GB,East of England
Great Britain,GB,London
Great Britain,GB,South East England
Great Britain,GB,South West England
Great Britain,GB,Scotland
Great Britain,GB,Wales
Shetland Mainland,GB,Scotland
Orkney Mainland,GB,Scotland
South Ronaldsay,GB,Scotland
Hoy,GB,Scotland
Westray,GB,Scotland
Barra,GB,Scotland
South Uist,GB,Scotland
Benbecula,GB,Scotland
North Uist,GB,Scotland
Lewis and Harris,GB,Scotland
Skye,GB,Scotland
Rhum,GB,Scotland
Mull,GB,Scotland
Tiree,GB,Scotland
Islay,GB,Scotland
Jura,GB,Scotland
Arran,GB,Scotland
Isle of Man,GBM,Isle of Man
Anglesey,GB,Wales
Isle of Wight,GB,South East England
Guernsey,GBG,Guernsey
Jersey,GBJ,Jersey
Gotland,S,Gotland
Öland,S,Kalmar
Åland,SF,Åland
Hiumaa,EST,Estonia
Ösel,EST,Estonia
Seeland,DK,Hovedstaden
Seeland,DK,Sjælland
Fünen,DK,Syddanmark
Langeland,DK,Syddanmark
Falster,DK,Sjælland
Lolland,DK,Sjælland
Bornholm,DK,Hovedstaden
Fehmarn,D,Schleswig-Holstein
Rügen,D,Mecklenburg-Vorpommern
Usedom,D,Mecklenburg-Vorpommern
Usedom,PL,Zachodniopomorskie
Helgoland,D,Schleswig-Holstein
Sylt,D,Schleswig-Holstein
Föhr,D,Schleswig-Holstein
Amrum,D,Schleswig-Holstein
Pellworm,D,Schleswig-Holstein
Wangerooge,D,Niedersachsen
Spiekeroog,D,Niedersachsen
Langeoog,D,Niedersachsen
Baltrum,D,Niedersachsen
Norderney,D,Niedersachsen
Juist,D,Niedersachsen
Borkum,D,Niedersachsen
Schiermonnikoog,NL,Friesland
Ameland,NL,Friesland
Terschelling,NL,Friesland
Vlieland,NL,Friesland
Texel,NL,Noord-Holland
Zitny Ostrov,SK,Bratislavský
Zitny Ostrov,SK,Nitriansky
Zitny Ostrov,SK,Trnavský
Maly Zitny Ostrov,H,Győr-Moson-Sopron
Margit Sziget,H,Budapest
Veliko Ratno Ostrvo,SRB,Serbia
Krk,HR,Croatia
Cres,HR,Croatia
Brač,HR,Croatia
Korčula,HR,Croatia
Korfu,GR,Ionion Nison
Lefkas,GR,Ionion Nison
Kefallinia,GR,Ionion Nison
Zakynthos,GR,Ionion Nison
Euboea,GR,Stereas Elladas
Samothraki,GR,Boreioy Aigaioy
Lesbos,GR,Boreioy Aigaioy
Chios,GR,Boreioy Aigaioy
Samos,GR,Boreioy Aigaioy
Ikaria,GR,Boreioy Aigaioy
Kos,GR,Notioy Aigaioy
Rhodos,GR,Notioy Aigaioy
Syros,GR,Notioy Aigaioy
Mykonos,GR,Notioy Aigaioy
Crete,GR,Kritis
Cyprus,CY,Cyprus
Cyprus,AD,Akrotiri and Dhekelia
Corse,F,Corse
Elba,I,Toscana
Sardegna,I,Sardegna
Alicudi,I,Calabria
Filicudi,I,Calabria
Salina,I,Calabria
Lipari,I,Calabria
Vulcano,I,Calabria
Panarea,I,Calabria
Stromboli,I,Calabria
Sicilia,I,Sicilia
Lampedusa,I,Sicilia
Linosa,I,Sicilia
Malta,M,Malta
Gozo,M,Malta
Djerba,TN,Tunisia
Menorca,E,Illes Balears
Mallorca,E,Illes Balears
Ibiza,E,Illes Balears
Formentera,E,Illes Balears
Lanzarote,E,Canarias
Fuerteventura,E,Canarias
Gran Canaria,E,Canarias
Teneriffa,E,Canarias
Gomera,E,Canarias
Hierro,E,Canarias
La Palma,E,Canarias
Madeira,P,Madeira
Porto Santo,P,Madeira
Sao Miguel,P,Azores
Santa Maria,P,Azores
Terceira,P,Azores
Sao Jorge,P,Azores
Pico,P,Azores
Faial,P,Azores
Graciosa,P,Azores
Flores (Azores),P,Azores
Corvo,P,Azores
Santiago,CV,Cape Verde
Fogo,CV,Cape Verde
St. Mary's Island,WAG,Gambia
Sao Tome,STP,Sao Tome and Principe
Principe,STP,Sao Tome and Principe
Bioko,GQ,Insular
Saint Helena,HELX,Saint Helena
Ascension,HELX,Saint Helena
Tristan Da Cunha,HELX,Saint Helena
West Falkland,FALK,Falkland Islands
East Falkland,FALK,Falkland Islands
Bahrain,BRN,Bahrain
Khark,IR,Fars
Qeshm,IR,Hormozgan
Christmas Island,CX,Christmas Island
Pulau Panjang,CC,Cocos Islands
Male,MV,Maldives
Salsette,IND,Maharashtra
Kavaratti,IND,Lakshadweep
Sri Lanka,CL,Sri Lanka
South Andaman Island,IND,Andaman and Nicobar Islands
Sokotra,YE,Yemen
Unguja,EAT,Zanzibar
Pemba,EAT,Zanzibar
Mafia,EAT,Pwani
Ukerewe,EAT,Mwanza
Mahe,SY,Seychelles
Grand Comoro,COM,Comoros
Anjouan,COM,Comoros
Mohéli,COM,Comoros
Mayotte,MYT,Mayotte
Reunion,RE,Reunion
Mauritius,MS,Mauritius
Madagaskar,RM,Madagascar
Impalila,NAM,Namibia
Novaya Zemlya Severny Island,R,Arkhangelskaya
Novaya Zemlya Yuzhny Island,R,Arkhangelskaya
Kotelny Island,R,Sakha
Wrangel Island,R,Chukotka
Olkhon,R,Buryatiya
Atlasov,R,Sakhalin
Paramushir,R,Sakhalin
Onekotan,R,Sakhalin
Krenizyn,R,Sakhalin
Iturup,R,Sakhalin
Kunashir,R,Sakhalin
Sachalin,R,Sakhalin
Hokkaido,J,Hokkaido
Honshu,J,Aomori
Honshu,J,Iwate
Honshu,J,Miyagi
Honshu,J,Akita
Honshu,J,Yamagata
Honshu,J,Fukushima
Honshu,J,Ibaraki
Honshu,J,Tochigi
Honshu,J,Gumma
Honshu,J,Saitama
Honshu,J,Chiba
Honshu,J,Tokyo
Honshu,J,Kanagawa
Honshu,J,Niigata
Honshu,J,Toyama
Honshu,J,Ishikawa
Honshu,J,Fukui
Honshu,J,Yamanashi
Honshu,J,Nagano
Honshu,J,Gifu
Honshu,J,Shizuoka
Honshu,J,Aichi
Honshu,J,Mie
Honshu,J,Shiga
Honshu,J,Kyoto
Honshu,J,Osaka
Honshu,J,Hyogo
Honshu,J,Nara
Honshu,J,Wakayama
Honshu,J,Tottori
Honshu,J,Shimane
Honshu,J,Okayama
Honshu,J,Hiroshima
Honshu,J,Yamaguchi
Kyushu,J,Fukuoka
Kyushu,J,Saga
Kyushu,J,Nagasaki
Kyushu,J,Kumamoto
Kyushu,J,Oita
Kyushu,J,Miyazaki
Kyushu,J,Kagoshima
Shikoku,J,Tokushima
Shikoku,J,Kagawa
Shikoku,J,Ehime
Shikoku,J,Kochi
Awajishima,J,Hyogo
Okinawa,J,Okinawa
Nishinoshima,J,Tokyo
Jeju,ROK,South Korea
Hongkong Island,HK,Hong Kong
Lantau,HK,Hong Kong
Taiwan,RC,Taiwan
Great Kinmen,RC,Taiwan
Xiamen,CN,Fujian
Taipa,MAC,Macau
Coloane,MAC,Macau
Hainan,CN,Hainan
Zhoushan,CN,Zhejiang
Chongming,CN,Shanghai
Luzon,RP,Ilocos
Luzon,RP,Cagayan Valley
Luzon,RP,Central Luzon
Luzon,RP,Calabarzon
Luzon,RP,Bicol
Luzon,RP,Metro Manila
Luzon,RP,Cordillera
Taal Volcano Island,RP,Calabarzon
Taal Vulcan Point,RP,Calabarzon
Mindoro,RP,Mimaropa
Sibuyan,RP,Mimaropa
Panay,RP,Western Visayas
Negros,RP,Western Visayas
Negros,RP,Central Visayas
Cebu,RP,Central Visayas
Bohol,RP,Central Visayas
Leyte,RP,Eastern Visayas
Samar,RP,Eastern Visayas
Mindanao,RP,Zamboanga Peninsula
Mindanao,RP,Northern Mindanao
Mindanao,RP,Davao
Mindanao,RP,Soccsksargen
Mindanao,RP,Muslim Mindanao
Mindanao,RP,Caraga
Palawan,RP,Mimaropa
Jolo,RP,Muslim Mindanao
Ujong,SGP,Singapore
Penang,MAL,Pulau Pinang
Ko Samui,THA,Thailand
Phuket,THA,Thailand
Sumatra,RI,Aceh
Sumatra,RI,Sumatera Utara
Sumatra,RI,Sumatera Barat
Sumatra,RI,Riau
Sumatra,RI,Jambi
Sumatra,RI,Sumatera Selatan
Sumatra,RI,Bengkulu
Sumatra,RI,Lampung
Samosir,RI,Sumatera Utara
Batam,RI,Kepulauan Riau
Bintan,RI,Kepulauan Riau
Bangka,RI,Kepulauan Bangka Belitung
Krakatau,RI,Lampung
Java,RI,DKI Jakarta
Java,RI,Jawa Barat
Java,RI,Jawa Tengah
Java,RI,DI Yogyakarta
Java,RI,Jawa Timur
Java,RI,Banten
Labuan,MAL,Labuan
Borneo,MAL,Sabah
Borneo,MAL,Sarawak
Borneo,BRU,Brunei
Borneo,RI,Kalimantan Barat
Borneo,RI,Kalimantan Tengah
Borneo,RI,Kalimantan Selatan
Borneo,RI,Kalimantan Timur
Borneo,RI,Kalimantan Utara
Madura,RI,Jawa Timur
Bali,RI,Bali
Lombok,RI,Nusa Tenggara Barat
Sumbawa,RI,Nusa Tenggara Barat
Sangeang,RI,Nusa Tenggara Barat
Flores,RI,Nusa Tenggara Timur
Sumba,RI,Nusa Tenggara Timur
Timor,RI,Nusa Tenggara Timur
Timor,TL,Timor-Leste
Sulawesi,RI,Sulawesi Utara
Sulawesi,RI,Sulawesi Tengah
Sulawesi,RI,Sulawesi Selatan
Sulawesi,RI,Sulawesi Tenggara
Sulawesi,RI,Gorontalo
Sulawesi,RI,Sulawesi Barat
Buru,RI,Maluku
Ambon,RI,Maluku
Ceram,RI,Maluku
Halmahera,RI,Maluku Utara
Ternate,RI,Maluku Utara
New Guinea,RI,Papua Barat
New Guinea,RI,Papua
New Guinea,PNG,North
New Guinea,PNG,South
Goodenough Island,PNG,South
New Britain,PNG,North
Duke of York Island,PNG,North
New Ireland,PNG,North
Buka,PNG,Bougainville
Bougainville,PNG,Bougainville
Guadalcanal,SOL,Solomon Islands
Kolombangara,SOL,Solomon Islands
Choiseul,SOL,Solomon Islands
Santa Isabel,SOL,Solomon Islands
Malaita,SOL,Solomon Islands
Makira,SOL,Solomon Islands
Rennell Island,SOL,Solomon Islands
Grande Terre,NCL,New Caledonia
Cangaroo Island,AUS,South Australia
Melville Island,AUS,Northern Territory
Lord Howe Island,AUS,New South Wales
Ball's Pyramid,AUS,New South Wales
Tasmania,AUS,Tasmania
Victoria Island,CDN,Northwest Territories
Victoria Island,CDN,Nunavut
Banks Island,CDN,Northwest Territories
Prince of Wales Island,CDN,Nunavut
Baffin Island,CDN,Nunavut
Southampton Island,CDN,Nunavut
Ellesmere Island,CDN,Nunavut
Devon Island,CDN,Nunavut
Saint Pierre,SPM,Saint Pierre and Miquelon
Miquelon-Langlade,SPM,Saint Pierre and Miquelon
Newfoundland,CDN,Newfoundland and Labrador
Prince Edward Island,CDN,Prince Edward Island
Rene Levasseur Island,CDN,Ontario
Île de Montréal,CDN,Quebec
Île Jésus,CDN,Quebec
Teresa Island,CDN,British Columbia
Manitoulin,CDN,Ontario
Treasure Island,CDN,Ontario
Marthas Vineyard,USA,Massachusetts
Nantucket,USA,Massachusetts
Long Island,USA,New York
Manhattan,USA,New York
Staten Island,USA,New York
Unalaska,USA,Alaska
Unimak,USA,Alaska
Vancouver Island,CDN,British Columbia
Santa Cruz Island,USA,California
Santa Catalina Island,USA,California
Santa Rosa Island,USA,California
San Clemente Island,USA,California
San Miguel Island,USA,California
Grand Bermuda,BM,Bermuda
New Providence,BS,Bahamas
Grand Turk,TUCA,Turks and Caicos Islands
Providenciales,TUCA,Turks and Caicos Islands
North Caicos,TUCA,Turks and Caicos Islands
Cuba,C,Ciego de Ávila
Cuba,C,Cienfuegos
Cuba,C,La Habana
Cuba,C,Granma
Cuba,C,Guantánamo
Cuba,C,Holguín
Cuba,C,Las Tunas
Cuba,C,Matanzas
Cuba,C,Pinar del Río
Cuba,C,Sancti Spíritus
Cuba,C,Santiago de Cuba
Cuba,C,Villa Clara
Cuba,C,Artemisa
Cuba,C,Mayabeque
Isla de la Juventud,C,Isla de la Juventud
Jamaica,JA,Jamaica
Hispaniola,RH,Haiti
Hispaniola,DOM,Dominican Republic
Puerto Rico,PR,Puerto Rico
Tortola,BVI,British Virgin Islands
Saint Thomas,VIRG,Virgin Islands
Saint Croix,VIRG,Virgin Islands
Anguilla,AXA,Anguilla
St. Martin,SMAR,Saint Martin
St. Martin,SX,Sint Maarten
St. Barthelemy,SBAR,Saint Barthelemy
Saint Kitts,KN,Saint Kitts and Nevis
Nevis,KN,Saint Kitts and Nevis
Barbuda,AG,Antigua and Barbuda
Antigua,AG,Antigua and Barbuda
Montserrat,MNTS,Montserrat
Basse-Terre,GP,Guadeloupe
Grande-Terre,GP,Guadeloupe
Dominica,WD,Dominica
Martinique,MQ,Martinique
Saint Lucia,WL,Saint Lucia
Saint Vincent,WV,Saint Vincent and the Grenadines
Barbados,BDS,Barbados
Grenada,WG,Grenada
Trinidad,TT,Trinidad and Tobago
Tobago,TT,Trinidad and Tobago
Isla Margarita,YV,Nueva Esparta
Bonaire,NLB,Bonaire
Curacao,CUR,Curacao
Aruba,ARU,Aruba
Grand Cayman,CYM,Cayman Islands
Little Cayman,CYM,Cayman Islands
Cayman Brac,CYM,Cayman Islands
San Andres,CO,"San Andrés, Providencia y Santa Catalina"
Isla da Ometepe,NIC,Nicaragua
Isabela,EC,Ecuador
Amantaní,PE,Puno
Marajó,BR,Pará
Ilha de São Luís,BR,Maranhão
Ilha do Bananal,BR,Tocantins
Ilha de Vitória,BR,Espírito Santo
Ilha de São Vicente,BR,São Paulo
Ilha de Sãnto Amaro,BR,São Paulo
Ilha de Santa Catarina,BR,Santa Catarina
Chiloé,RCH,Lagos
Tierra del Fuego,RCH,Magallanes
Tierra del Fuego,RA,Tierra del Fuego
Niihau,USA,Hawaii
Kauai,USA,Hawaii
Oahu,USA,Hawaii
Molokai,USA,Hawaii
Lanai,USA,Hawaii
Maui,USA,Hawaii
Hawaii,USA,Hawaii
Niue,NU,Niue
Saipan,MP,Northern Mariana Islands
Tinian,MP,Northern Mariana Islands
Guam,GU,Guam
Rota,MP,Northern Mariana Islands
Uvea,WF,Wallis and Futuna
Futuna,WF,Wallis and Futuna
Tarawa,KIR,Kiribati
Kiritimati,KIR,Kiribati
Banaba,KIR,Kiribati
Tongatapu,TO,Tonga
Kao,TO,Tonga
Viti Levu,FJI,Fiji
Vanua Levu,FJI,Fiji
Norfolk Island,NF,Norfolk Island
Nauru,NAU,Nauru
Koror,PAL,Palau
Babeldaob,PAL,Palau
Fongafale,TUV,Tuvalu
Fakaofo,TOK,Tokelau
Espiritu Santo,VU,Vanuatu
Efate,VU,Vanuatu
Tanna,VU,Vanuatu
Upolu,WS,Samoa
Savaii,WS,Samoa
Tutuila,AS,American Samoa
Rarotonga,CK,Cook Islands
Tahiti,PF,French Polynesia
Raiātea,PF,French Polynesia
Mangareva,PF,French Polynesia
Makatea,PF,French Polynesia
Rangiroa,PF,French Polynesia
Majuro,MH,Marshall Islands
Kwajalein,MH,Marshall Islands
Bikini,MH,Marshall Islands
Yap,FSM,Micronesia
Pohnpei,FSM,Micronesia
Kapingamarangi,FSM,Micronesia
Weno,FSM,Micronesia
Kosrae,FSM,Micronesia
Pitcairn,PN,Pitcairn
Henderson Island,PN,Pitcairn
Easter Island,RCH,Valparaíso
Te Ika-a-Maui (North Island),NZ,New Zealand
Te Waka-a-Maui (South Island),NZ,New Zealand
