name,country,population,area,capital,capprov
Albania,AL,2821977,28750,Tirana,Albania
Anatolikis Makedonias kai Thrakis,GR,562069,14157,Komotini,Anatolikis Makedonias kai Thrakis
Attikis,GR,3792469,3808,Athina,Attikis
Dytikis Elladas,GR,643349,11350,Patra,Dytikis Elladas
Dytikis Makedonias,GR,255056,9451,Kozani,Dytikis Makedonias
Ionion Nison,GR,200726,2306,Kerkyra,Ionion Nison
Ipeiroy,GR,319543,9203,Ioannina,Ipeiroy
Kentrikis Makedonias,GR,1790290,18810,Thessaloniki,Kentrikis Makedonias
Kritis,GR,617360,8335,Iraklio,Kritis
Notioy Aigaioy,GR,324542,5285,Ermoupoli,Notioy Aigaioy
Peloponnisos,GR,538366,15489,Tripoli,Peloponnisos
Stereas Elladas,GR,505269,15549,Lamia,Stereas Elladas
Thessalias,GR,687527,14036,Larissa,Thessalias
Boreioy Aigaioy,GR,194136,3835,Mytilini,Boreioy Aigaioy
Aghion Oros,GR,1779,335,Karyes,Aghion Oros
Cyprus,CY,918100,9251,Nicosia,Cyprus
Akrotiri and Dhekelia,AD,18195,254,Episkopi Cantonment,Akrotiri and Dhekelia
North Macedonia,MK,1836713,25333,Skopje,North Macedonia
Serbia,SRB,6690887,77474,Beograd,Serbia
Montenegro,MNE,619211,14026,Podgorica,Montenegro
Kosovo,KOS,1733872,10887,Prishtine,Kosovo
Andorra,AND,79535,450,Andorra la Vella,Andorra
Île-de-France,F,12082144,12012,Paris,Île-de-France
Auvergne-Rhône-Alpes,F,7877698,69711,Lyon,Auvergne-Rhône-Alpes
Nouvelle-Aquitaine,F,5911482,84061,Bordeaux,Nouvelle-Aquitaine
Hauts-de-France,F,6009976,31813,Lille,Hauts-de-France
Provence-Alpes-Côte d'Azur,F,5007977,31399,Marseille,Provence-Alpes-Côte d'Azur
Bretagne,F,3293850,27207,Rennes,Bretagne
Centre-Val de Loire,F,2578592,39150,Orléans,Centre-Val de Loire
Pays de la Loire,F,3718512,32082,Nantes,Pays de la Loire
Grand Est,F,5559051,57433,Strasbourg,Grand Est
Normandie,F,3339131,29906,Rouen,Normandie
Bourgogne-Franche-Comté,F,2820940,47784,Dijon,Bourgogne-Franche-Comté
Occitanie,F,5774185,72724,Toulouse,Occitanie
Corse,F,327283,8679,Ajaccio,Corse
Andalucía,E,8484804,87585,Sevilla,Andalucía
Aragón,E,1331938,47721,Zaragoza,Aragón
Asturias,E,1012117,10603,Oviedo,Asturias
Illes Balears,E,1183415,4991,Palma de Mallorca,Illes Balears
Euskadi,E,2212628,7237,Vitoria-Gasteiz,Euskadi
Canarias,E,2178924,7447,Santa Cruz de Tenerife,Canarias
Cantabria,E,584708,5323,Santander,Cantabria
Castilla y León,E,2385223,94351,Valladolid,Castilla y León
Castilla-La Mancha,E,2052505,79408,Toledo,Castilla-La Mancha
Catalunya,E,7749896,32163,Barcelona,Catalunya
Extremadura,E,1061636,41634,Merida,Extremadura
Galicia,E,2698177,29559,Santiago de Compostela,Galicia
Madrid,E,6726640,8022,Madrid,Madrid
Murcia,E,1518279,11312,Murcia,Murcia
Navarra,E,662032,10573,Pamplona,Navarra
La Rioja,E,319444,5045,Logroño,La Rioja
Valenciana,E,5067911,23253,Valencia,Valenciana
Praha,CZ,1301489,496,Praha,Praha
Jihočeský,CZ,631801,10056,České Budějovice,Jihočeský
Jihomoravský,CZ,1197731,7194,Brno,Jihomoravský
Karlovarský,CZ,279100,3314,Karlovy Vary,Karlovarský
Vysočina,CZ,497517,6795,Jihlava,Vysočina
Královéhradecký,CZ,538333,4758,Hradec Králové,Královéhradecký
Liberecký,CZ,435254,3162,Liberec,Liberecký
Moravskoslezský,CZ,1162850,5426,Ostrava,Moravskoslezský
Olomoucký,CZ,619807,5266,Olomouc,Olomoucký
Pardubický,CZ,510036,4518,Pardubice,Pardubický
Plzeňský,CZ,581445,7560,Plzeň,Plzeňský
Středočeský,CZ,1415277,11014,Praha,Praha
Ústecký,CZ,789153,5334,Ústí nad Labem,Ústecký
Zlínský,CZ,564374,3963,Zlín,Zlínský
Bratislavský,SK,719537,2052,Bratislava,Bratislavský
Banskobystrický,SK,625601,9453,Banská Bystrica,Banskobystrický
Žilinský,SK,691613,6808,Žilina,Žilinský
Košický,SK,782216,6753,Košice,Košický
Prešovský,SK,808931,8973,Prešov,Prešovský
Nitriansky,SK,677900,6343,Nitra,Nitriansky
Trenčiansky,SK,577464,4502,Trenčín,Trenčiansky
Trnavský,SK,566008,4145,Trnava,Trnavský
Baden-Württemberg,D,10951893,35751,Stuttgart,Baden-Württemberg
Bayern,D,12930751,70550,München,Bayern
Berlin,D,3574830,891,Berlin,Berlin
Brandenburg,D,2494648,29483,Potsdam,Brandenburg
Bremen,D,678753,419,Bremen,Bremen
Hamburg,D,1810438,755,Hamburg,Hamburg
Hessen,D,6213088,21114,Wiesbaden,Hessen
Mecklenburg-Vorpommern,D,1610674,23194,Schwerin,Mecklenburg-Vorpommern
Niedersachsen,D,7945685,47613,Hannover,Niedersachsen
Nordrhein-Westfalen,D,17890100,34097,Düsseldorf,Nordrhein-Westfalen
Rheinland-Pfalz,D,4066053,19854,Mainz,Rheinland-Pfalz
Saarland,D,996651,2568,Saarbrücken,Saarland
Sachsen,D,4081783,18419,Dresden,Sachsen
Sachsen-Anhalt,D,2236252,20450,Magdeburg,Sachsen-Anhalt
Schleswig-Holstein,D,2881926,15799,Kiel,Schleswig-Holstein
Thüringen,D,2158128,16172,Erfurt,Thüringen
Baranya,H,386441,4429,Pécs,Baranya
Bács-Kiskun,H,520331,8444,Kecskemét,Bács-Kiskun
Békés,H,359948,5629,Békéscsaba,Békés
Borsod-Abaúj-Zemplén,H,686266,7249,Miskolc,Borsod-Abaúj-Zemplén
Csongrád,H,417456,4262,Hódmezővásárhely,Csongrád
Fejér,H,425847,4358,Székesfehérvár,Fejér
Győr-Moson-Sopron,H,447985,4208,Győr,Győr-Moson-Sopron
Hajdú-Bihar,H,546721,6210,Debrecen,Hajdú-Bihar
Heves,H,308882,3637,Eger,Heves
Komárom-Esztergom,H,304568,2264,Tatabánya,Komárom-Esztergom
Nógrád,H,202427,2545,Salgótarján,Nógrád
Pest,H,1217476,6391,Budapest,Budapest
Somogy,H,317307,6065,Kaposvár,Somogy
Szabolcs-Szatmár-Bereg,H,559272,5935,Nyíregyháza,Szabolcs-Szatmár-Bereg
Jász-Nagykun-Szolnok,H,386594,5581,Szolnok,Jász-Nagykun-Szolnok
Tolna,H,230361,3703,Szekszárd,Tolna
Vas,H,256629,3336,Szombathely,Vas
Veszprém,H,351898,4463,Veszprém,Veszprém
Zala,H,282179,3783,Zalaegerszeg,Zala
Budapest,H,1729040,525,Budapest,Budapest
Piemonte,I,4363916,25402,Torino,Piemonte
Valle d'Aosta,I,126806,3263,Aosta,Valle d'Aosta
Lombardia,I,9704151,23862,Milano,Lombardia
Trentino-Alto Adige,I,1029475,13606,Bolzano,Trentino-Alto Adige
Veneto,I,4857210,18398,Venézia,Veneto
Friuli-Venezia Giulia,I,1218985,7858,Trieste,Friuli-Venezia Giulia
Liguria,I,1570694,5421,Génova,Liguria
Emilia-Romagna,I,4342135,22445,Bologna,Emilia-Romagna
Toscana,I,3672202,22993,Firenze,Toscana
Umbria,I,884268,8456,Perúgia,Umbria
Marche,I,1541319,9365,Ancona,Marche
Lazio,I,5502886,17235,Roma,Lazio
Abruzzo,I,1307309,10762,L'Aquila,Abruzzo
Molise,I,313660,4437,Campobasso,Molise
Campania,I,5766810,13590,Nápoli,Campania
Puglia,I,4052566,19357,Bari,Puglia
Basilicata,I,578036,9994,Potenza,Basilicata
Calabria,I,1959050,15080,Catanzaro,Calabria
Sicilia,I,5002904,25711,Palermo,Sicilia
Sardegna,I,1639362,24089,Cágliari,Sardegna
Aargau,CH,694072,1403,Aarau,Aargau
Appenzell Ausserrhoden,CH,55309,242,Herisau,Appenzell Ausserrhoden
Appenzell Innerrhoden,CH,16293,172,Appenzell,Appenzell Innerrhoden
Basel-Landschaft,CH,290969,517,Liestal,Basel-Landschaft
Basel-Stadt,CH,196735,37,Basel,Basel-Stadt
Bern,CH,1043132,5959,Bern,Bern
Fribourg,CH,325496,1670,Fribourg,Fribourg
Genève,CH,506343,282,Genève,Genève
Glarus,CH,40851,685,Glarus,Glarus
Graubünden,CH,200096,7105,Chur,Graubünden
Jura,CH,73709,838,Delemont,Jura
Luzern,CH,416347,1493,Luzern,Luzern
Neuchâtel,CH,175894,803,Neuchatel,Neuchâtel
Nidwalden,CH,43520,276,Stans,Nidwalden
Obwalden,CH,18108,490,Sarnen,Obwalden
Sankt Gallen,CH,514504,2025,Sankt Gallen,Sankt Gallen
Schaffhausen,CH,83107,298,Schaffhausen,Schaffhausen
Schwyz,CH,162157,908,Schwyz,Schwyz
Solothurn,CH,277462,790,Solothurn,Solothurn
Thurgau,CH,282909,990,Frauenfeld,Thurgau
Ticino,CH,350986,2812,Bellinzona,Ticino
Uri,CH,36819,1076,Altdorf,Uri
Valais,CH,348503,5224,Sion,Valais
Vaud,CH,814762,3212,Lausanne,Vaud
Zug,CH,128794,238,Zug,Zug
Zürich,CH,1553423,1728,Zürich,Zürich
Liechtenstein,FL,39055,160,Vaduz,Liechtenstein
Burgenland,A,285685,3961,Eisenstadt,Burgenland
Kärnten,A,556173,9538,Klagenfurt,Kärnten
Vorarlberg,A,370440,2601,Bregenz,Vorarlberg
Wien,A,1714227,414,Wien,Wien
Oberösterreich,A,1413762,11979,Linz,Oberösterreich
Tirol,A,709319,12640,Innsbruck,Tirol
Steiermark,A,1208575,16401,Graz,Steiermark
Salzburg,A,529066,7156,Salzburg,Salzburg
Niederösterreich,A,1614693,19186,St. Pölten,Niederösterreich
Estonia,EST,1331824,45100,Tallinn,Estonia
Latvia,LV,2201196,64100,Rīga,Latvia
Lithuania,LT,2810761,65200,Vilnius,Lithuania
Brest,BY,1401177,32790,Brest,Brest
Vitebsk,BY,1230821,40049,Vitebsk,Vitebsk
Gomel,BY,1440718,40361,Gomel,Gomel
Grodno,BY,1072381,25118,Grodno,Grodno
Mahiljou,BY,1099374,29079,Mahiljou,Mahiljou
Minsk,BY,1422528,39912,Minsk,Minsk City
Minsk City,BY,1836808,305,Minsk,Minsk City
Dolnośląskie,PL,2904894,19946,Wrocław,Dolnośląskie
Kujawsko-Pomorskie,PL,2027261,17971,Bydgoszcz,Kujawsko-Pomorskie
Lubelskie,PL,2052340,25122,Lublin,Lubelskie
Lubuskie,PL,991213,13987,Zielona Góra,Lubuskie
Łódzkie,PL,2410286,18218,Łódź,Łódzkie
Małopolskie,PL,3432295,15182,Kraków,Małopolskie
Mazowieckie,PL,5514699,35558,Warszawa,Mazowieckie
Opolskie,PL,954133,9411,Opole,Opolskie
Podkarpackie,PL,2093360,17845,Rzeszów,Podkarpackie
Podlaskie,PL,1154283,20187,Białystok,Podlaskie
Pomorskie,PL,2357320,18310,Gdańsk,Pomorskie
Śląskie,PL,4402950,12333,Katowice,Śląskie
Świętokrzyskie,PL,1196557,11710,Kielce,Świętokrzyskie
Warmińsko-Mazurskie,PL,1382232,24173,Olsztyn,Warmińsko-Mazurskie
Wielkopolskie,PL,3504579,29826,Poznań,Wielkopolskie
Zachodniopomorskie,PL,1657716,22892,Szczecin,Zachodniopomorskie
Cerkaska,UA,1178266,20916,Cerkasy,Cerkaska
Cernihivska,UA,976701,31903,Cernihiv,Cernihivska
Cernivecka,UA,896566,8096,Cernivci,Cernivecka
Charkivska,UA,2633834,31418,Charkiv,Charkivska
Chersonska,UA,1016707,28461,Cherson,Chersonska
Chmelnytska,UA,1243787,20629,Chmelnytskyi,Chmelnytska
Dnipropetrovska,UA,3142035,31923,Dnipro,Dnipropetrovska
Donetska,UA,4100280,26517,Donetsk,Donetska
Ivano-Frankivska,UA,1361109,13927,Ivano-Frankivsk,Ivano-Frankivska
Kyïvska,UA,1788530,28121,Kyïv,Kyïv
Kirovohradska,UA,920128,24588,Kropywnyzkyj,Kirovohradska
Luhanska,UA,2121322,26683,Luhansk,Luhanska
Lvivska,UA,2497750,21831,Lviv,Lvivska
Mykolaïvska,UA,1108394,24585,Mykolaïv,Mykolaïvska
Odeska,UA,2368107,33313,Odesa,Odeska
Poltavska,UA,1371529,28750,Poltava,Poltavska
Rivnenska,UA,1148456,20051,Rivne,Rivnenska
Sumska,UA,1053452,23832,Sumy,Sumska
Ternopilska,UA,1030562,13824,Ternopil,Ternopilska
Vinnytska,UA,1529123,26492,Vinnytsia,Vinnytska
Volynska,UA,1027397,20144,Lutsk,Volynska
Zakarpatska,UA,1250129,12753,Uzhhorod,Zakarpatska
Zaporizka,UA,1666515,27183,Zaporizhzhia,Zaporizka
Zytomyrska,UA,1195495,29827,Zytomyr,Zytomyrska
Krym,UA,1901578,26080,Simferopol,Krym
Kyïv,UA,2962180,836,Kyïv,Kyïv
Sevastopol,UA,509992,864,Sevastopol,Sevastopol
Karelia,R,533121,172400,Petrozavodsk,Karelia
Komi,R,737853,415900,Syktyvkar,Komi
Arkhangelskaya,R,1020307,587400,Arkhangelsk,Arkhangelskaya
Vologodskaya,R,1142827,145700,Vologda,Vologodskaya
Murmanskaya,R,667744,144900,Murmansk,Murmanskaya
Kaliningradskaya,R,1029966,15100,Kaliningrad,Kaliningradskaya
Sankt-Peterburg,R,5601911,1431,Sankt Peterburg,Sankt-Peterburg
Leningradskaya,R,2000997,83908,Gatchina,Leningradskaya
Novgorodskaya,R,583387,55300,Velikij Novgorod,Novgorodskaya
Pskovskaya,R,599084,55300,Pskov,Pskovskaya
Bryanskaya,R,1169161,34857,Bryansk,Bryanskaya
Vladimirskaya,R,1348134,29084,Vladimir,Vladimirskaya
Ivanovskaya,R,927828,23900,Ivanovo,Ivanovskaya
Kaluzhskaya,R,1069904,29900,Kaluga,Kaluzhskaya
Kostromskaya,R,580976,60100,Kostroma,Kostromskaya
Moscow,R,13010112,1100,Moskva,Moscow
Moskovskaya,R,8524665,45900,Moskva,Moscow
Orlovskaya,R,713374,24700,Orel,Orlovskaya
Ryazanskaya,R,1102810,39600,Ryazan,Ryazanskaya
Smolenskaya,R,888421,49800,Smolensk,Smolenskaya
Tverskaya,R,1230171,84100,Tver,Tverskaya
Tulskaya,R,1501214,25700,Tula,Tulskaya
Yaroslavskaya,R,1209811,36400,Yaroslavl,Yaroslavskaya
Mariy-El,R,677097,23200,Yoshkar-Ola,Mariy-El
Mordoviya,R,783552,26200,Saransk,Mordoviya
Chuvashia,R,1186909,18300,Cheboksary,Chuvashia
Kirovskaya,R,1153680,120800,Kirov,Kirovskaya
Nizhnii Novgorodskaya,R,3119115,74800,Nizhnii Novgorod,Nizhnii Novgorodskaya
Belgorodskaya,R,1540486,27134,Belgorod,Belgorodskaya
Voronezhskaya,R,2308792,52400,Voronezh,Voronezhskaya
Kurskaya,R,1082458,29800,Kursk,Kurskaya
Lipetskaya,R,1143224,24100,Lipetsk,Lipetskaya
Tambovskaya,R,982991,34300,Tambov,Tambovskaya
Kalmykiya,R,267133,76100,Elista,Kalmykiya
Tatarstan,R,4004809,68000,Kazan,Tatarstan
Astrakhanskaya,R,960142,44100,Astrakhan,Astrakhanskaya
Volgogradskaya,R,2500781,113900,Volgograd,Volgogradskaya
Penzenskaya,R,1266348,43200,Penza,Penzenskaya
Samarskaya,R,3172925,53600,Samara,Samarskaya
Saratovskaya,R,2442575,100200,Saratov,Saratovskaya
Ulyanovskaya,R,1196745,37300,Ulyanovsk,Ulyanovskaya
Rostovskaya,R,4200729,100800,Rostov-na-Donu,Rostovskaya
Bashkortostan,R,4091423,143600,Ufa,Bashkortostan
Udmurtskaya,R,1452914,42100,Izhevsk,Udmurtskaya
Orenburgskaya,R,1862767,124000,Orenburg,Orenburgskaya
Permskij,R,2532405,160600,Perm,Permskij
Adygeya,R,496934,7600,Majkop,Adygeya
Dagestan,R,3182054,50300,Makhachkala,Dagestan
Ingushetia,R,509541,3628,Magas,Ingushetia
Kabardino-Balkarskaya,R,904200,12500,Nalčik,Kabardino-Balkarskaya
Karachayevo-Cherkesskaya,R,469865,14100,Čerkessk,Karachayevo-Cherkesskaya
North Ossetia-Alania,R,687357,8000,Vladikavkaz,North Ossetia-Alania
Chechenskaya,R,1510824,17300,Grozny,Chechenskaya
Krasnodarskiy,R,5838273,76000,Krasnodar,Krasnodarskiy
Stavropolskiy,R,2907593,66500,Stavropol,Stavropolskiy
Kurganskaya,R,776661,71000,Kurgan,Kurganskaya
Sverdlovskaya,R,4268998,194300,Yekaterinburg,Sverdlovskaya
Chelyabinskaya,R,3431224,87900,Chelyabinsk,Chelyabinskaya
Altay,R,210924,92600,Gorno Altaysk,Altay
Altayskiy,R,2163693,169100,Barnaul,Altayskiy
Kemerovskaya,R,2600923,95500,Kemerovo,Kemerovskaya
Novosibirskaya,R,2797176,178200,Novosibirsk,Novosibirskaya
Omskaya,R,1858798,139700,Omsk,Omskaya
Tomskaya,R,1062666,316900,Tomsk,Tomskaya
Tyumenskaya,R,3823910,1378319,Tyumen,Tyumenskaya
Buryatiya,R,978588,351300,Ulan-Ude,Buryatiya
Tyva,R,336651,170500,Kyzyl,Tyva
Khakasiya,R,534795,61900,Abakan,Khakasiya
Krasnoyarsk,R,2856971,2339700,Krasnoyarsk,Krasnoyarsk
Irkutskaya,R,2370102,767900,Irkutsk,Irkutskaya
Zabaykalskiy,R,1004125,431500,Chita,Zabaykalskiy
Sakha,R,995686,3083523,Yakutsk,Sakha
Jewish Autonomous Oblast,R,150453,36266,Birobidzhan,Jewish Autonomous Oblast
Chukotka,R,47490,737700,Anadyr,Chukotka
Primorskiy,R,1845165,165900,Vladivostok,Primorskiy
Khabarovskiy,R,1292944,752600,Khabarovsk,Khabarovskiy
Amurskaya,R,766912,363700,Blagoveščensk,Amurskaya
Kamchatka,R,291705,472300,Petropavlovsk-Kamčatskij,Kamchatka
Magadanskaya,R,136085,461400,Magadan,Magadanskaya
Sakhalin,R,466609,87100,Južno-Sachalinsk,Sakhalin
Bruxelles,B,1218255,161,Bruxelles,Bruxelles
Antwerpen,B,1869730,2867,Antwerpen,Antwerpen
Oost-Vlaanderen,B,1525255,2982,Gent,Oost-Vlaanderen
Hainaut,B,1346840,3785,Mons,Hainaut
Liège,B,1109800,3862,Liège,Liège
Limburg,B,877370,2422,Hasselt,Limburg
Luxembourg,B,286752,4439,Arlon,Luxembourg
Namur,B,495832,3666,Namur,Namur
West-Vlaanderen,B,1200945,3144,Brugge,West-Vlaanderen
Brabant Wallon,B,406019,1090,Wavre,Brabant Wallon
Vlaams-Brabant,B,1155843,2106,Leuven,Vlaams-Brabant
Luxembourg,L,645397,2586,Luxembourg,Luxembourg
Groningen,NL,590170,2959,Groningen,Groningen
Friesland,NL,654019,5748,Leeuwarden,Friesland
Drenthe,NL,497743,2680,Assen,Drenthe
Overijssel,NL,1171910,3420,Zwolle,Overijssel
Flevoland,NL,434771,2412,Lelystad,Flevoland
Gelderland,NL,2110472,5136,Arnhem,Gelderland
Utrecht,NL,1369873,1449,Utrecht,Utrecht
Noord-Holland,NL,2909827,4090,Haarlem,Noord-Holland
Zuid-Holland,NL,3753944,3418,Den Haag,Zuid-Holland
Zeeland,NL,386767,2933,Middelburg,Zeeland
Noord-Brabant,NL,2592874,5081,'s-Hertogenbosch,Noord-Brabant
Limburg,NL,1118302,2208,Maastricht,Limburg
Slovenia,SLO,2108977,20256,Ljubljana,Slovenia
Croatia,HR,3871833,56538,Zagreb,Croatia
Federacija Bosne i Hercegovine,BIH,2371603,26110,Sarajevo,Federacija Bosne i Hercegovine
Republika Srpska,BIH,1326991,24857,Banja Luka,Republika Srpska
Brčko,BIH,93028,493,Brčko,Brčko
Bulgaria,BG,6520314,110910,Sofia,Bulgaria
Alba,RO,342376,6241,Alba Iulia,Alba
Arad,RO,430629,7754,Arad,Arad
Argeş,RO,612431,6826,Piteşti,Argeş
Bacău,RO,616168,6620,Bacău,Bacău
Bihor,RO,575398,7544,Oradea,Bihor
Bistriţa-Năsăud,RO,286225,5355,Bistrita,Bistriţa-Năsăud
Botoşani,RO,412626,4985,Botoşani,Botoşani
Brăila,RO,321212,4765,Brăila,Brăila
Braşov,RO,549217,5363,Braşov,Braşov
Bucureşti,RO,1883425,237,Bucureşti,Bucureşti
Buzău,RO,451069,6102,Buzău,Buzău
Călăraşi,RO,306691,5087,Calarasi,Călăraşi
Caraş-Severin,RO,295579,8519,Resita,Caraş-Severin
Cluj,RO,691106,6674,Cluj-Napoca,Cluj
Constanţa,RO,684082,7071,Constanţa,Constanţa
Covasna,RO,210177,3709,Sfintu Gheorghe,Covasna
Dâmboviţa,RO,518745,4054,Targoviste,Dâmboviţa
Dolj,RO,660544,7414,Craiova,Dolj
Galaţi,RO,536167,4466,Galaţi,Galaţi
Giurgiu,RO,281422,3526,Giurgiu,Giurgiu
Gorj,RO,341594,5601,Tirgu Jiu,Gorj
Harghita,RO,310867,6638,Miercurea Ciuc,Harghita
Hunedoara,RO,418565,7062,Deva,Hunedoara
Ialomiţa,RO,274148,4452,Slobozia,Ialomiţa
Iaşi,RO,772348,5475,Iaşi,Iaşi
Maramureş,RO,478659,6304,Baia Mare,Maramureş
Mehedinţi,RO,265390,4932,Drobeta-Turnu Severin,Mehedinţi
Mureş,RO,550846,6713,Târgu Mureş,Mureş
Neamţ,RO,470766,5896,Piatra-Neamţ,Neamţ
Olt,RO,436400,5498,Slatina,Olt
Prahova,RO,762886,4715,Ploieşti,Prahova
Sălaj,RO,224384,3864,Zalau,Sălaj
Satu-Mare,RO,344360,4417,Satu Mare,Satu-Mare
Sibiu,RO,397322,5432,Sibiu,Sibiu
Suceava,RO,634810,8553,Suceava,Suceava
Teleorman,RO,380123,5789,Alexandria,Teleorman
Timiş,RO,683540,8696,Timişoara,Timiş
Tulcea,RO,213083,8498,Tulcea,Tulcea
Vaslui,RO,395499,5318,Vaslui,Vaslui
Vâlcea,RO,371714,5764,Râmnicu Vâlcea,Vâlcea
Vrancea,RO,340310,4857,Focsani,Vrancea
Ilfov,RO,388738,1583,Buftea,Ilfov
Nordjylland,DK,583471,7933,Ålborg,Nordjylland
Midtjylland,DK,1286679,13124,Viborg,Midtjylland
Syddanmark,DK,1208520,12206,Vejle,Syddanmark
Hovedstaden,DK,1775479,2561,Hillerød,Hovedstaden
Sjælland,DK,824199,7273,Sorø,Sjælland
Iceland,IS,364134,103000,Reykjavik,Iceland
Faroe Islands,FO,48346,1400,Tórshavn,Faroe Islands
Leinster,IRL,2858501,19591,,
Munster,IRL,1364098,24046,,
Connacht,IRL,588583,16935,,
Ulster,IRL,312354,7894,,
Åland,SF,29214,1553,Mariehamn,Åland
Kanta-Häme,SF,173781,5199,Hämeenlinna,Kanta-Häme
Päijät-Häme,SF,201685,5125,Lahti,Päijät-Häme
Pirkanmaa,SF,509356,12585,Tampere,Pirkanmaa
Pohjois-Savo,SF,247776,16768,Kuopio,Pohjois-Savo
Etelä-Karjala,SF,130506,5327,Lappeenranta,Etelä-Karjala
Kymenlaakso,SF,177659,5149,Kouvola,Kymenlaakso
Lappia,SF,180207,92674,Rovaniemi,Lappia
Etelä-Savo,SF,148975,14257,Mikkeli,Etelä-Savo
Keski-Suomi,SF,276196,16703,Jyväskylä,Keski-Suomi
Pohjols-Karjala,SF,164085,17761,Joensuu,Pohjols-Karjala
Pohjois-Pohjanmaa,SF,411159,36815,Oulu,Pohjois-Pohjanmaa
Kainuu,SF,74803,20197,Kajaani,Kainuu
Satakunta,SF,221740,7820,Pori,Satakunta
Varsinais-Suomi,SF,475543,10663,Turku,Varsinais-Suomi
Uusimaa,SF,1638293,9097,Helsinki,Uusimaa
Pohjanmaa,SF,181441,7753,Vaasa,Pohjanmaa
Etelä-Pohjanmaa,SF,191860,13444,Seinäjoki,Etelä-Pohjanmaa
Keski-Pohjanmaa,SF,69027,5020,Kokkola,Keski-Pohjanmaa
Oslo,N,623966,454,Oslo,Oslo
Akershus,N,566399,4917,Oslo,Oslo
Østfold,N,282000,4180,Moss,Østfold
Hedmark,N,193719,27397,Hamar,Hedmark
Oppland,N,187254,25192,Lillehammer,Oppland
Buskerud,N,269003,14910,Drammen,Buskerud
Vestfold,N,238748,2225,Tonsberg,Vestfold
Telemark,N,170902,15296,Skien,Telemark
Aust-Agder,N,112772,9157,Arendal,Aust-Agder
Vest-Agder,N,176353,7276,Kristiansand,Vest-Agder
Rogaland,N,452159,9375,Stavanger,Rogaland
Hordaland,N,498135,15438,Bergen,Hordaland
Sogn og Fjordane,N,108700,18623,Hermansverk,Sogn og Fjordane
Møre og Romsdal,N,259404,15101,Molde,Møre og Romsdal
Sør-Trøndelag,N,302755,18839,Trondheim,Sør-Trøndelag
Nord-Trøndelag,N,134443,22414,Steinkjer,Nord-Trøndelag
Nordland,N,239611,38482,Bodø,Nordland
Troms,N,160418,25862,Tromsø,Troms
Finnmark,N,74534,48631,Vadsø,Finnmark
Västra Götaland,S,1600447,23948,Göteborg,Västra Götaland
Blekinge,S,152315,2946,Karlskrona,Blekinge
Gävleborg,S,276637,18198,Gävle,Gävleborg
Gotland,S,57241,3151,Visby,Gotland
Halland,S,304116,5460,Halmstad,Halland
Jämtland,S,126201,49341,Ostersund,Jämtland
Jönköping,S,339116,10495,Jönköping,Jönköping
Kalmar,S,233548,11217,Kalmar,Kalmar
Dalarna,S,276555,28188,Falun,Dalarna
Skåne,S,1263088,11034,Malmö,Skåne
Kronoberg,S,185887,8466,Växjö,Kronoberg
Norrbotten,S,248637,98244,Lulea,Norrbotten
Örebro,S,283113,8545,Örebro,Örebro
Östergötland,S,433784,10602,Linköping,Östergötland
Södermanland,S,274723,6102,Nykoping,Södermanland
Stockholm,S,2127006,6519,Stockholm,Stockholm
Uppsala,S,341977,8207,Uppsala,Uppsala
Värmland,S,273080,17591,Karlstad,Värmland
Västerbotten,S,260217,55186,Umeå,Västerbotten
Västernorrland,S,241981,21683,Härnösand,Västernorrland
Västmanland,S,256224,5145,Västerås,Västmanland
Monaco,MC,37308,1.9,Monaco,Monaco
Vatican City,V,826,0.44,Vatican City,Vatican City
Ceuta,CEU,84071,18,Ceuta,Ceuta
Melilla,MEL,86450,12,Melilla,Melilla
San Marino,RSM,33627,60,San Marino,San Marino
Malta,M,519562,316,Valletta,Malta
Isle of Man,GBM,84069,588,Douglas,Isle of Man
Moldova,MD,3473900,33700,Chişinău,Moldova
Aveiro,P,700787,2808,Aveiro,Aveiro
Beja,P,144401,10225,Beja,Beja
Braga,P,846293,2673,Braga,Braga
Braganca,P,122804,6608,Braganca,Braganca
Castelo Branco,P,177962,6675,Castelo Branco,Castelo Branco
Coimbra,P,408551,3947,Coimbra,Coimbra
Evora,P,152444,7393,Evora,Evora
Algarve,P,467343,4960,Faro,Algarve
Guarda,P,142974,5518,Guarda,Guarda
Leiria,P,458605,3515,Leiria,Leiria
Lisboa,P,2275385,2761,Lisboa,Lisboa
Portalegre,P,104923,6065,Portalegre,Portalegre
Porto,P,1785405,2395,Oporto,Porto
Santarem,P,424793,6747,Santarem,Santarem
Setubal,P,874806,5064,Setúbal,Setubal
Viana do Castelo,P,231266,2255,Viana do Castelo,Viana do Castelo
Vila Real,P,185695,4328,Vila Real,Vila Real
Viseu,P,351292,5007,Viseu,Viseu
Azores,P,236413,2247,Ponta Delgada,Azores
Madeira,P,250744,794,Funchal,Madeira
Svalbard,SVA,2667,62049,Longyearbyen,Svalbard
North East England,GB,2647013,8573,Newcastle upon Tyne,North East England
North West England,GB,7417397,14105,Manchester,North West England
Yorkshire and the Humber,GB,5480777,15407,Leeds,Yorkshire and the Humber
East Midlands,GB,4880054,15606,Nottingham,East Midlands
West Midlands,GB,5950757,12998,Birmingham,West Midlands
East of England,GB,6335074,19108,Cambridge,East of England
London,GB,8799728,1572,London,London
South East England,GB,9278065,19069,Southampton,South East England
South West England,GB,5701186,23837,Bristol,South West England
Scotland,GB,5479900,78133,Edinburgh,Scotland
Wales,GB,3107494,20735,Cardiff,Wales
Northern Ireland,GB,1903175,14130,Belfast,Northern Ireland
Gibraltar,GBZ,32577,6.5,Gibraltar,Gibraltar
Guernsey,GBG,66150,194,Saint Peter Port,Guernsey
Jersey,GBJ,103267,117,Saint Helier,Jersey
Armenia,ARM,3026879,29800,Yerevan,Armenia
Georgia,GE,4010000,69700,Tbilisi,Georgia
Azerbaijan,AZ,9356500,86600,Baku,Azerbaijan
Adana,TR,2263373,14045,Adana,Adana
Adıyaman,TR,632148,7606,Adiyaman,Adıyaman
Afyonkarahisar,TR,744179,14718,Afyonkarahisar,Afyonkarahisar
Ağrı,TR,524644,11498,Agri,Ağrı
Aksaray,TR,429069,7965,Aksaray,Aksaray
Amasya,TR,335331,5703,Amasya,Amasya
Ankara,TR,5747325,25401,Ankara,Ankara
Antalya,TR,2619832,20790,Antalya,Antalya
Artvin,TR,169543,7367,Artvin,Artvin
Aydın,TR,1134031,7904,Aydin,Aydın
Balıkesir,TR,1250610,14472,Balıkesir,Balıkesir
Batman,TR,626319,4659,Batman,Batman
Bayburt,TR,85042,3739,Bayburt,Bayburt
Bilecik,TR,228334,4306,Bilecik,Bilecik
Bingöl,TR,2813112,8253,Bingol,Bingöl
Bitlis,TR,352277,7094,Bitlis,Bitlis
Bolu,TR,320014,8323,Bolu,Bolu
Burdur,TR,273716,7134,Burdur,Burdur
Bursa,TR,3147818,10886,Bursa,Bursa
Çanakkale,TR,557276,9950,Canakkale,Çanakkale
Çankırı,TR,196515,7491,Cankiri,Çankırı
Çorum,TR,526282,12796,Corum,Çorum
Denizli,TR,1051056,11804,Denizli,Denizli
Diyarbakır,TR,1791373,15204,Diyarbakir,Diyarbakır
Edirne,TR,412115,6097,Edirne,Edirne
Elazığ,TR,588088,9281,Elazig,Elazığ
Erzincan,TR,237351,11727,Erzincan,Erzincan
Erzurum,TR,756893,25330,Erzurum,Erzurum
Eskişehir,TR,898369,13902,Eskisehir,Eskişehir
Gaziantep,TR,2130432,6844,Gaziantep,Gaziantep
Giresun,TR,450154,6831,Giresun,Giresun
Gümüşhane,TR,150119,6437,Gümüşhane,Gümüşhane
Hakkari,TR,278218,7178,Hakkari,Hakkari
Hatay,TR,1670712,5831,Hatay,Hatay
Mersin,TR,1891145,15512,Mersin,Mersin
Isparta,TR,445678,8871,Isparta,Isparta
İstanbul,TR,15840900,5315,İstanbul,İstanbul
İzmir,TR,4425789,12015,İzmir,İzmir
Karaman,TR,258838,8868,Karaman,Karaman
Kahramanmaraş,TR,1171298,14456,Kahramanmaraş,Kahramanmaraş
Kars,TR,281077,10139,Kars,Kars
Kastamonu,TR,375592,13157,Kastamonu,Kastamonu
Kayseri,TR,1434357,17109,Kayseri,Kayseri
Kırıkkale,TR,275968,4569,Kirikkale,Kırıkkale
Kırklareli,TR,366363,6299,Kirklareli,Kırklareli
Kırşehir,TR,242944,6530,Kirsehir,Kırşehir
Kocaeli,TR,2033441,3625,Kocaeli,Kocaeli
Konya,TR,2277017,40813,Konya,Konya
Kütahya,TR,578640,12013,Kütahya,Kütahya
Malatya,TR,808692,12102,Malatya,Malatya
Manisa,TR,1456626,13228,Manisa,Manisa
Mardin,TR,862757,8806,Mardin,Mardin
Muğla,TR,1021141,12949,Mugla,Muğla
Muş,TR,405228,8067,Mus,Muş
Nevşehir,TR,308003,5391,Nevsehir,Nevşehir
Niğde,TR,363725,7365,Nigde,Niğde
Ordu,TR,760872,5952,Ordu,Ordu
Rize,TR,345662,3921,Rize,Rize
Sakarya,TR,1060876,4880,Sakarya,Sakarya
Samsun,TR,1371274,9364,Samsun,Samsun
Şanlıurfa,TR,2143020,19336,Şanlıurfa,Şanlıurfa
Siirt,TR,331980,5473,Siirt,Siirt
Sinop,TR,218408,5816,Sinop,Sinop
Şırnak,TR,546589,7151,Sirnak,Şırnak
Sivas,TR,636121,28567,Sivas,Sivas
Tekirdağ,TR,1113400,6342,Tekirdag,Tekirdağ
Tokat,TR,602567,10072,Tokat,Tokat
Trabzon,TR,816684,4664,Trabzon,Trabzon
Tunceli,TR,83645,7685,Tunceli,Tunceli
Uşak,TR,373183,5363,Usak,Uşak
Van,TR,1141015,19414,Van,Van
Yozgat,TR,418500,14074,Yozgat,Yozgat
Zonguldak,TR,589684,3309,Zonguldak,Zonguldak
Bartın,TR,201711,2080,Bartin,Bartın
Karabük,TR,249287,4108,Karabük,Karabük
Ardahan,TR,94932,4967,Ardahan,Ardahan
Iğdır,TR,203159,3587,Iğdır,Iğdır
Yalova,TR,291001,850,Yalova,Yalova
Kilis,TR,145826,1427,Kilis,Kilis
Düzce,TR,400976,2592,Düzce,Düzce
Osmaniye,TR,553012,3195,Osmaniye,Osmaniye
Lebanon,RL,5416225,10400,Bayrūt,Lebanon
West Bank,WB,2881687,5655,Ramallah,West Bank
Gaza Strip,GAZA,1899291,365,Gaza,Gaza Strip
Yerushalayim,IL,1159900,653,Yerushalayim,Yerushalayim
HaMerkaz,IL,2233000,1294,Ramla,HaMerkaz
Hefa,IL,1053400,866,Haifa,Hefa
HaZafon,IL,1469400,4473,Nazareth,HaZafon
Tel Aviv,IL,1452400,172,Tel Aviv-Yafo,Tel Aviv
HaDarom,IL,1330600,14185,Beer Sheva,HaDarom
Al Hasakah,SYR,1477000,23334,Al Hasakah,Al Hasakah
Al Ladhiqiyah,SYR,991000,2297,Al Ladhiqiyah,Al Ladhiqiyah
Al Qunaytirah,SYR,87000,1861,Al Qunaytirah,Al Qunaytirah
Ar Raqqah,SYR,921000,19616,Ar Raqqah,Ar Raqqah
As Suwayda,SYR,364000,5550,As Suwayda,As Suwayda
Daraa,SYR,998000,3730,Daraa,Daraa
Dayr az Zawr,SYR,1202000,33060,Dayr az Zawr,Dayr az Zawr
Dimashq,SYR,1733000,105,Dimashq,Dimashq
Halab,SYR,4744000,18500,Halab,Halab
Hamah,SYR,1593000,8883,Hamah,Hamah
Hims,SYR,1763000,42223,Hims,Hims
Idlib,SYR,1464000,6097,Idlib,Idlib
Rif Dimashq,SYR,2744000,18032,Dimashq,Dimashq
Tartus,SYR,785000,1892,Tartus,Tartus
Jordan,JOR,9131712,89213,Amman,Jordan
Al-Hudud ash Shamaliyah,SA,375310,111797,Arar,Al-Hudud ash Shamaliyah
Al-Baha,SA,487108,9921,Al Baha,Al-Baha
Al-Jouf,SA,520737,100212,Sakaka,Al-Jouf
Al-Madinah Al-Monawarah,SA,2188138,151990,Al Madinah,Al-Madinah Al-Monawarah
Al-Qaseem,SA,1455693,58046,Buraydah,Al-Qaseem
Ar-Riyadh,SA,8446866,404240,Riyadh,Ar-Riyadh
Aseer,SA,2261618,76693,Abha,Aseer
Ash Sharqiyah,SA,5028753,672522,Ad-Dammam,Ash Sharqiyah
Hail,SA,716021,103887,Hail,Hail
Jazan,SA,1603659,11671,Jazan,Jazan
Makkah Al-Mokarramah,SA,8803545,153128,Makkah,Makkah Al-Mokarramah
Najran,SA,595705,149511,Najran,Najran
Tabouk,SA,930507,146072,Tabouk,Tabouk
Bahrain,BRN,1501635,620,Al Manāmah,Bahrain
Qatar,Q,2846118,11000,Doha,Qatar
United Arab Emirates,UAE,9121167,75581,Abu Dhabi,United Arab Emirates
Oman,OM,4471148,212460,Muscat,Oman
Yemen,YE,24527000,527970,Sanaa,Yemen
Kuwait,KWT,4464521,17820,Al Kuwayt,Kuwait
al-Anbar,IRQ,1771656,138288,Ar Ramadi,al-Anbar
Babylon,IRQ,2065042,5119,Al Hillah,Babylon
Baghdad,IRQ,8126755,4555,Baghdad,Baghdad
Basrah,IRQ,2908491,19070,Al Basrah,Basrah
Thi Qar,IRQ,2095172,12900,An Nasiriyah,Thi Qar
Diala,IRQ,1637226,17685,Baqubah,Diala
Kerbela,IRQ,1218732,5034,Kerbela,Kerbela
Maysan,IRQ,1112673,16072,Al Amarah,Maysan
al-Muthanna,IRQ,814371,51740,As Samawah,al-Muthanna
al-Najaf,IRQ,1471592,28824,An Najaf,al-Najaf
Nineveh,IRQ,3729998,37323,Al Mawsil,Nineveh
al-Qadisiya,IRQ,1291048,8153,Diwaniyah,al-Qadisiya
Salah al-Deen,IRQ,1595235,24075,Samarra,Salah al-Deen
Kirkuk,IRQ,1597876,9679,Kirkuk,Kirkuk
Wasit,IRQ,1378723,17153,Al Kut,Wasit
Duhouk,IRQ,1292535,6553,Duhouk,Duhouk
Arbil,IRQ,1854778,15074,Arbil,Arbil
As Sulaymaniyah,IRQ,2053305,17023,As Sulaymaniyah,As Sulaymaniyah
West Azarbayejan,IR,3265219,37411,Orumiyeh,West Azarbayejan
East Azarbayejan,IR,3909652,45651,Tabriz,East Azarbayejan
Kermanshah,IR,1952434,25009,Kermanshah,Kermanshah
Uttar Pradesh,IND,199812341,240928,Lucknow,Uttar Pradesh
Kohgiluyeh and Boyer-Ahmad,IR,713052,15504,Yasuj,Kohgiluyeh and Boyer-Ahmad
Bushehr,IR,1163400,22743,Bushehr,Bushehr
Chaharmahal and Bakhtiyari,IR,947763,16328,Shahr-e-Kord,Chaharmahal and Bakhtiyari
Esfahan,IR,5120850,107018,Esfahan,Esfahan
Fars,IR,4851274,122608,Shiraz,Fars
Gilan,IR,2530696,14042,Rasht,Gilan
Hamedan,IR,1738234,19368,Hamedan,Hamedan
Hormozgan,IR,1776415,70697,Bandar Abbas,Hormozgan
Ilam,IR,580158,20133,Ilam,Ilam
Kerman,IR,3164718,180726,Kerman,Kerman
Khorasan-e-Razavi,IR,6434501,118851,Mashhad,Khorasan-e-Razavi
Khuzestan,IR,4710509,64055,Ahvaz,Khuzestan
Kurdestan,IR,1603011,29137,Sanandaj,Kurdestan
Lorestan,IR,1760649,28294,Khorramabad,Lorestan
Markazi,IR,1429475,29127,Arak,Markazi
Mazandaran,IR,3283582,23842,Sari,Mazandaran
Semnan,IR,702360,97491,Semnan,Semnan
Sistan and Baluchestan,IR,2775014,181785,Zahedan,Sistan and Baluchestan
Tehran,IR,13267637,13692,Tehran,Tehran
Yazd,IR,1138533,129285,Yazd,Yazd
Zanjan,IR,1057461,21773,Zanjan,Zanjan
Ardebil,IR,1270420,17800,Ardebil,Ardebil
Golestan,IR,1868819,20367,Gorgan,Golestan
Alborz,IR,2712400,5122,Karaj,Alborz
Qom,IR,1292283,11526,Qom,Qom
Qazvin,IR,1273761,15567,Qazvin,Qazvin
North Khorasan,IR,863092,28434,Bojnurd,North Khorasan
South Khorasan,IR,768898,95385,Birjand,South Khorasan
Afghanistan,AFG,31390200,647500,Kabul,Afghanistan
Ashgabat,TM,871500,470,Ashgabat,Ashgabat
Akhal,TM,939700,97160,Anau,Akhal
Balkan,TM,553500,139270,Balkanabat,Balkan
Dashhowuz,TM,1370400,73430,Dashhowuz,Dashhowuz
Lebap,TM,1334500,93730,Turkmenabat,Lebap
Mary,TM,1480400,87150,Mary,Mary
Andijon,UZ,3127683,4200,Andijon,Andijon
Buxoro,UZ,1923934,39400,Buxoro,Buxoro
Fargʻona,UZ,3752034,6800,Fargona,Fargʻona
Jizzax,UZ,1382060,20500,Jizzax,Jizzax
Xorazm,UZ,1866493,6300,Urganch,Xorazm
Namangan,UZ,2810843,7900,Namangan,Namangan
Navoiy,UZ,997100,110800,Navoiy,Navoiy
Qasqadaryo,UZ,3280418,28400,Qarshi,Qasqadaryo
Samarqand,UZ,3877355,16400,Samarqand,Samarqand
Sirdaryo,UZ,846260,5100,Guliston,Sirdaryo
Surkhandarya,UZ,2629135,20800,Termiz,Surkhandarya
Toshkent,UZ,2941908,15000,Toshkent,Toshkent City
Qoraqalpogʻiston,UZ,1898351,165590,Nukus,Qoraqalpogʻiston
Toshkent City,UZ,2571668,300,Toshkent,Toshkent City
Regions of Republican Subordination,TJ,2165900,28600,Dushanbe,Dushanbe
Sughd,TJ,2707300,25200,Khujand,Sughd
Khatlon,TJ,3348300,24600,Bochtar,Khatlon
Gorno-Badakhshan,TJ,228900,64100,Khorugh,Gorno-Badakhshan
Dushanbe,TJ,863400,100,Dushanbe,Dushanbe
Kyrgyzstan,KG,6256700,198500,Bishkek,Kyrgyzstan
Almaty City,KZ,1507737,319,Almaty,Almaty City
Almaty,KZ,1985529,223924,Taldykurgan,Almaty
Akmola,KZ,735640,146219,Koksetau,Akmola
Aktobe,KZ,808878,300629,Aqtobe,Aktobe
Atyrau,KZ,567938,118631,Atyrau,Atyrau
West Kazakhstan,KZ,624001,151339,Oral,West Kazakhstan
Mangistau,KZ,587440,165642,Aktau,Mangistau
South-Kazakhstan,KZ,2734734,117249,Shymkent,South-Kazakhstan
Pavlodar,KZ,752977,124800,Pavlodar,Pavlodar
Karaganda,KZ,1369839,427982,Karaganda,Karaganda
Kostanai,KZ,880889,196001,Kustanay,Kostanai
Kyzylorda,KZ,740389,226019,Kyzylorda,Kyzylorda
East-Kazakhstan,KZ,1394114,283226,Öskemen,East-Kazakhstan
North-Kazakhstan,KZ,575746,97993,Petropavlovsk,North-Kazakhstan
Zhambyl,KZ,1084987,144264,Taraz,Zhambyl
Baikonur,KZ,,57,Baikonur,Baikonur
Astana,KZ,814401,710,Astana,Astana
Mongolia,MNG,3197020,1565000,Ulaanbaatar,Mongolia
Maldives,MV,402071,300,Male,Maldives
Azad Jammu and Kashmir,PK,4045366,13297,Muzaffarabad,Azad Jammu and Kashmir
Balochistan,PK,12344739,347190,Quetta,Balochistan
FATA,PK,4996556,27220,Peshawar,Khyber Pakhtunkhwa
FCT Islamabad,PK,2001579,906,Islamabad,FCT Islamabad
Gilgit-Baltistan,PK,922745,72520,Gilgit,Gilgit-Baltistan
Khyber Pakhtunkhwa,PK,30523371,74521,Peshawar,Khyber Pakhtunkhwa
Punjab,PK,110017465,205345,Lahore,Punjab
Sindh,PK,47893244,140914,Karachi,Sindh
Andhra Pradesh,IND,49386799,160205,Hyderabad,Telangana
Arunachal Pradesh,IND,1383727,83743,Itanagar,Arunachal Pradesh
Assam,IND,31205576,78438,Dispur,Assam
Bihar,IND,104099452,94163,Patna,Bihar
Goa,IND,1458545,3702,Panaji,Goa
Gujarat,IND,60439692,196244,Gandhinagar,Gujarat
Haryana,IND,25351462,44212,Chandigarh,Chandigarh
Himachal Pradesh,IND,6864602,55673,Simla,Himachal Pradesh
Jammu and Kashmir,IND,12541302,222236,Srinagar,Jammu and Kashmir
Karnataka,IND,61095297,191791,Bangalore,Karnataka
Kerala,IND,33406061,38852,Trivandrum,Kerala
Madhya Pradesh,IND,72626809,308252,Bhopal,Madhya Pradesh
Maharashtra,IND,112374333,307713,Mumbai,Maharashtra
Manipur,IND,2855794,22327,Imphal,Manipur
Meghalaya,IND,2966889,22429,Shillong,Meghalaya
Mizoram,IND,1097206,21081,Aijal,Mizoram
Nagaland,IND,1978502,16579,Kohima,Nagaland
Odisha,IND,41974218,155707,Bhubaneswar,Odisha
Punjab,IND,27743338,50362,Chandigarh,Chandigarh
Rajasthan,IND,68548437,342239,Jaipur,Rajasthan
Sikkim,IND,610577,7096,Gangtok,Sikkim
Tamil Nadu,IND,72147030,130060,Chennai,Tamil Nadu
Tripura,IND,3673917,10486,Agartala,Tripura
Kochi,J,728276,7105,Kochi,Kochi
West Bengal,IND,91276115,88752,Kolkata,West Bengal
Andaman and Nicobar Islands,IND,380581,8249,Port Blair,Andaman and Nicobar Islands
Chandigarh,IND,1055450,114,Chandigarh,Chandigarh
Dadra and Nagar Haveli,IND,343709,491,Silvassa,Dadra and Nagar Haveli
Daman and Diu,IND,243247,111,Daman,Daman and Diu
Delhi,IND,16787941,1483,Delhi,Delhi
Lakshadweep,IND,64473,30,Kavaratti,Lakshadweep
Puducherry,IND,1247953,490,Pondicherry,Puducherry
Chhattisgarh,IND,25545198,135191,Raipur,Chhattisgarh
Jharkhand,IND,32988134,79716,Ranchi,Jharkhand
Telangana,IND,35193978,114840,Hyderabad,Telangana
Uttarakhand,IND,10086292,53483,Dehra Dun,Uttarakhand
Nepal,NEP,29192480,140800,Kathmandu,Nepal
Bhutan,BHT,727145,47000,Thimphu,Bhutan
Barisal,BD,9100102,13225,Barisal,Barisal
Chittagong,BD,33202326,33908,Chittagong,Chittagong
Dhaka,BD,44215107,20692,Dhaka,Dhaka
Khulna,BD,17416645,22284,Khulna,Khulna
Rajshahi,BD,20353119,18153,Rajshahi,Rajshahi
Rangpur,BD,17610956,16184,Rangpur,Rangpur
Sylhet,BD,11034863,12635,Sylhet,Sylhet
Mymensingh,BD,12225498,10485,Mymensingh,Mymensingh
Ayeyarwady,MYA,6175123,35031,Pathein,Ayeyarwady
Magwe,MYA,3912711,44820,Magwe,Magwe
Mandalay,MYA,6145588,37945,Mandalay,Mandalay
Bago,MYA,4863455,39402,Bago,Bago
Yangon,MYA,7355075,10276,Yangon,Yangon
Sagaing,MYA,5320299,93704,Sagaing,Sagaing
Tanintharyi,MYA,1406434,43344,Tavoy,Tanintharyi
Chin,MYA,478690,36018,Hakha,Chin
Kachin,MYA,1689654,89041,Myitkyina,Kachin
Kayin,MYA,1572657,30382,Hpa an,Kayin
Kayah,MYA,286738,11731,Loikaw,Kayah
Mon,MYA,2050282,12296,Mawlamyine,Mon
Rakhine,MYA,3188963,36778,Sittwe,Rakhine
Shan,MYA,5815384,155801,Taunggyi,Shan
Nay Pyi Taw,MYA,1158367,7054,Nay Pyi Taw,Nay Pyi Taw
Sri Lanka,CL,20359439,65610,Sri Jayawardhanapura,Sri Lanka
Anhui,CN,61027171,139900,Hefei,Anhui
Fujian,CN,41540086,123100,Fuzhou,Fujian
Gansu,CN,25019831,366500,Lanzhou,Gansu
Guangdong,CN,126012510,197100,Guangzhou,Guangdong
Guizhou,CN,38562148,174000,Guiyang,Guizhou
Hainan,CN,10081232,34300,Haikou,Hainan
Hebei,CN,74610235,202700,Shijiazhuang,Hebei
Heilongjiang,CN,31850088,463600,Harbin,Heilongjiang
Henan,CN,99365519,167000,Zhengzhou,Henan
Hubei,CN,57752557,187500,Wuhan,Hubei
Hunan,CN,66444864,210500,Changsha,Hunan
Jiangsu,CN,84748016,102600,Nanjing,Jiangsu
Jiangxi,CN,45188635,164800,Nanchang,Jiangxi
Jilin,CN,24073453,187000,Changchun,Jilin
Liaoning,CN,42591407,151000,Shenyang,Liaoning
Qinghai,CN,5923957,721000,Xining,Qinghai
Shaanxi,CN,39528999,195800,Xian,Shaanxi
Shandong,CN,101527453,153300,Jinan,Shandong
Shanxi,CN,34915616,157100,Taiyuan,Shanxi
Sichuan,CN,83674866,488000,Chengdu,Sichuan
Yunnan,CN,47209277,436200,Kunming,Yunnan
Zhejiang,CN,64567588,101800,Hangzhou,Zhejiang
Guangxi,CN,50126804,220400,Nanning,Guangxi
Nei Mongol,CN,24049155,1177500,Hohhot,Nei Mongol
Ningxia,CN,7202654,66400,Yinchuan,Ningxia
Xinjiang,CN,25852345,1646900,Wulumuqi,Xinjiang
Xizang,CN,3648100,1221600,Lhasa,Xizang
Beijing,CN,21893095,16808,Beijing,Beijing
Shanghai,CN,24870895,6200,Shanghai,Shanghai
Tianjin,CN,13866009,11300,Tianjin,Tianjin
Chongqing,CN,32054159,82400,Chongqing,Chongqing
Taiwan,RC,23571227,36179,Taipei,Taiwan
Hong Kong,HK,7413070,1092,Victoria,Hong Kong
Macau,MAC,682070,16,Macao,Macau
North Korea,KP,24500520,120540,Pyongyang,North Korea
South Korea,ROK,51780579,98480,Seoul,South Korea
Hokkaido,J,5381733,83456,Sapporo,Hokkaido
Aomori,J,1308265,9644,Aomori,Aomori
Iwate,J,1279594,15278,Morioka,Iwate
Miyagi,J,2333899,7285,Sendai,Miyagi
Akita,J,1023119,11636,Akita,Akita
Yamagata,J,1123891,9323,Yamagata,Yamagata
Fukushima,J,1914039,13782,Fukushima,Fukushima
Ibaraki,J,2916976,6095,Mito,Ibaraki
Tochigi,J,1974255,6408,Utsunomiya,Tochigi
Gumma,J,1973115,6362,Maebashi,Gumma
Saitama,J,7266534,3798,Saitama,Saitama
Chiba,J,6222666,5156,Chiba,Chiba
Tokyo,J,13515371,2187,Tokyo,Tokyo
Kanagawa,J,9126214,2415,Yokohama,Kanagawa
Niigata,J,2304264,12583,Niigata,Niigata
Toyama,J,1066328,4247,Toyama,Toyama
Ishikawa,J,1154008,4185,Kanazawa,Ishikawa
Fukui,J,786740,4189,Fukui,Fukui
Yamanashi,J,834930,4465,Kofu,Yamanashi
Nagano,J,2098804,13562,Nagano,Nagano
Gifu,J,2031903,10621,Gifu,Gifu
Shizuoka,J,3700305,7780,Shizuoka,Shizuoka
Aichi,J,7483128,5165,Nagoya,Aichi
Mie,J,1815865,5777,Tsu,Mie
Shiga,J,1412916,4017,Otsu,Shiga
Kyoto,J,2610353,4613,Kyoto,Kyoto
Osaka,J,8839469,1898,Osaka,Osaka
Hyogo,J,5534800,8396,Kobe,Hyogo
Nara,J,1364316,3691,Nara,Nara
Wakayama,J,963579,4726,Wakayama,Wakayama
Tottori,J,573441,3507,Tottori,Tottori
Shimane,J,694352,6707,Matsue,Shimane
Okayama,J,1921525,7113,Okayama,Okayama
Hiroshima,J,2843990,8479,Hiroshima,Hiroshima
Yamaguchi,J,1404729,6113,Yamaguchi,Yamaguchi
Tokushima,J,755733,4146,Tokushima,Tokushima
Kagawa,J,976263,1876,Takamatsu,Kagawa
Ehime,J,1385262,5678,Matsuyama,Ehime
Fukuoka,J,5101556,4977,Fukuoka,Fukuoka
Saga,J,832832,2439,Saga,Saga
Nagasaki,J,1377187,4105,Nagasaki,Nagasaki
Kumamoto,J,1786170,7404,Kumamoto,Kumamoto
Oita,J,1166338,6339,Oita,Oita
Miyazaki,J,1104069,7735,Miyazaki,Miyazaki
Kagoshima,J,1648177,9188,Kagoshima,Kagoshima
Okinawa,J,1433566,2276,Naha,Okinawa
Ilocos,RP,5301139,13012,San Fernando,Ilocos
Cagayan Valley,RP,3685744,28228,Tuguegarao,Cagayan Valley
Central Luzon,RP,12422172,22014,San Fernando,Central Luzon
Calabarzon,RP,16195042,16873,Calamba,Calabarzon
Bicol,RP,6082165,18155,Legazpi,Bicol
Western Visayas,RP,7954723,20794,Iloilo,Western Visayas
Central Visayas,RP,8081988,15885,Cebu,Central Visayas
Eastern Visayas,RP,4547150,23251,Tacloban,Eastern Visayas
Zamboanga Peninsula,RP,3875576,17046,Pagadian,Zamboanga Peninsula
Northern Mindanao,RP,5022768,20496,Cagayan De Oro,Northern Mindanao
Davao,RP,5243536,20357,Davao,Davao
Soccsksargen,RP,4901486,22513,Koronadal,Soccsksargen
Metro Manila,RP,13484462,633,Manila,Metro Manila
Cordillera,RP,1797660,19422,Baguio,Cordillera
Muslim Mindanao,RP,4404288,21065,Cotabato,Muslim Mindanao
Caraga,RP,2804788,21478,Butuan,Caraga
Mimaropa,RP,3228558,29620,Calapan,Mimaropa
Northern Midlands and Mountains,VN,11053590,95274.7,,
Red River Delta,VN,19584287,21059.3,,
North and South Central Coast,VN,18835154,95834.5,,
Central Highlands,VN,5115135,54641.1,,
Southeast,VN,14067361,23590.8,,
Mekong River Delta,VN,17191470,40572.0,,
Cambodia,K,15288489,181040,Phnom Penh,Cambodia
Laos,LAO,6492228,236800,Vientiane,Laos
Thailand,THA,67993000,514000,Bangkok,Thailand
Johor,MAL,4009670,19102,Johor Bahru,Johor
Kedah,MAL,2131427,9447,Alor Setar,Kedah
Kelantan,MAL,1792501,15101,Kota Bahru,Kelantan
Melaka,MAL,998428,1652,Melaka,Melaka
Negeri Sembilan,MAL,1199974,6686,Seremban,Negeri Sembilan
Pahang,MAL,1591295,35840,Kuantan,Pahang
Perak,MAL,2496041,21038,Ipoh,Perak
Perlis,MAL,284885,818,Kangar,Perlis
Pulau Pinang,MAL,1740405,1032,Georgetown,Pulau Pinang
Sabah,MAL,3418785,73904,Kota Kinabalu,Sabah
Sarawak,MAL,2453677,124451,Kuching Utara,Sarawak
Selangor,MAL,6994423,7931,Shah Alam,Selangor
Terengganu,MAL,1149440,12959,Kuala Terengganu,Terengganu
Kuala Lumpur,MAL,1982112,243,Kuala Lumpur,Kuala Lumpur
Labuan,MAL,95120,92,Labuan,Labuan
Putrajaya,MAL,109202,49,Putrajaya,Putrajaya
Brunei,BRU,440715,5770,Bandar Seri Begawan,Brunei
Singapore,SGP,5685807,632.6,Singapore,Singapore
Aceh,RI,5274871,57956,Banda Aceh,Aceh
Sumatera Utara,RI,14799361,72981,Medan,Sumatera Utara
Sumatera Barat,RI,5534472,42012,Padang,Sumatera Barat
Riau,RI,6394087,87023,Pekanbaru,Riau
Jambi,RI,3548228,50058,Jambi,Jambi
Sumatera Selatan,RI,8467432,91592,Palembang,Sumatera Selatan
Bengkulu,RI,2010670,19919,Bengkulu,Bengkulu
Lampung,RI,9007848,34623,Bandar Lampung,Lampung
Kepulauan Bangka Belitung,RI,1455678,16424,Pangkal Pinang,Kepulauan Bangka Belitung
Kepulauan Riau,RI,2064564,8201,Tanjung Pinang,Kepulauan Riau
DKI Jakarta,RI,10562088,664,Jakarta,DKI Jakarta
Jawa Barat,RI,48274162,35377,Bandung,Jawa Barat
Jawa Tengah,RI,36516035,32800,Semarang,Jawa Tengah
DI Yogyakarta,RI,3668719,3133,Yogyakarta,DI Yogyakarta
Jawa Timur,RI,40665696,47799,Surabaya,Jawa Timur
Banten,RI,11904562,9662,Serang,Banten
Bali,RI,4317404,5780,Denpasar,Bali
Nusa Tenggara Barat,RI,5320092,18572,Mataram,Nusa Tenggara Barat
Nusa Tenggara Timur,RI,5325566,48718,Kupang,Nusa Tenggara Timur
Kalimantan Barat,RI,5414390,147307,Pontianak,Kalimantan Barat
Kalimantan Tengah,RI,2669969,153564,Palangkaraya,Kalimantan Tengah
Kalimantan Selatan,RI,4073584,38744,Bandjarmasin,Kalimantan Selatan
Kalimantan Timur,RI,3766039,129067,Samarinda,Kalimantan Timur
Kalimantan Utara,RI,701814,75468,Tanjung Selor,Kalimantan Utara
Sulawesi Utara,RI,2621923,13851,Manado,Sulawesi Utara
Sulawesi Tengah,RI,2985734,61841,Palu,Sulawesi Tengah
Sulawesi Selatan,RI,9073509,46717,Makassar,Sulawesi Selatan
Sulawesi Tenggara,RI,2624875,38067,Kendari,Sulawesi Tenggara
Gorontalo,RI,1171681,11257,Gorontalo,Gorontalo
Sulawesi Barat,RI,1419229,16787,Mamuju,Sulawesi Barat
Maluku,RI,1848923,46914,Ambon,Maluku
Maluku Utara,RI,1282937,31982,Ternate,Maluku Utara
Papua Barat,RI,1134068,97024,Manokwari,Papua Barat
Papua,RI,4303707,319036,Jayapura,Papua
Timor-Leste,TL,1183643,15007,Dili,Timor-Leste
North,PNG,4810022,229400,Lae,North
South,PNG,2215944,223900,Port Moresby,South
Bougainville,PNG,249358,9300,Buka,Bougainville
Solomon Islands,SOL,721455,28450,Honiara,Solomon Islands
Vanuatu,VU,300019,14760,Port Vila,Vanuatu
New Caledonia,NCL,271407,19060,Noumea,New Caledonia
New South Wales,AUS,8072163,800808,Sydney,New South Wales
Northern Territory,AUS,232605,1348198,Darwin,Northern Territory
Queensland,AUS,5156138,1729958,Brisbane,Queensland
South Australia,AUS,1781516,984179,Adelaide,South Australia
Tasmania,AUS,557571,68018,Hobart,Tasmania
Victoria,AUS,6503491,227495,Melbourne,Victoria
Western Australia,AUS,2660026,2526574,Perth,Western Australia
Australia Capital Territory,AUS,454499,2358,Canberra,Australia Capital Territory
Christmas Island,CX,1692,135,Flying Fish Cove,Christmas Island
Cocos Islands,CC,593,14,West Island,Cocos Islands
Norfolk Island,NF,2188,34.6,Kingston,Norfolk Island
New Zealand,NZ,4699755,268680,Wellington,New Zealand
Palau,PAL,17614,458,Ngerulmud,Palau
Northern Mariana Islands,MP,47329,477,Saipan,Northern Mariana Islands
Guam,GU,153836,545,Hagåtña,Guam
Micronesia,FSM,102843,702,Palikir,Micronesia
Marshall Islands,MH,42594,181.3,Majuro,Marshall Islands
Nauru,NAU,11550,21,Yaren,Nauru
Kiribati,KIR,119940,717,Tarawa,Kiribati
Tuvalu,TUV,10507,26,Funafuti,Tuvalu
Tokelau,TOK,1499,12,Fakaofo,Tokelau
Samoa,WS,200010,2860,Apia,Samoa
American Samoa,AS,49710,199,Pago Pago,American Samoa
Wallis and Futuna,WF,11558,274,Mata-Utu,Wallis and Futuna
Fiji,FJI,884887,18270,Suva,Fiji
Tonga,TO,100179,748,Nukualofa,Tonga
Niue,NU,1611,260,Alofi,Niue
Cook Islands,CK,14987,240,Avarua,Cook Islands
French Polynesia,PF,275918,4167,Papeete,French Polynesia
Pitcairn,PN,50,47,Adamstown,Pitcairn
Egypt,ET,94798827,1001450,Al Qahirah,Egypt
Libya,LAR,6931061,1759540,Tripoli,Libya
Tunisia,TN,10982754,163610,Tunis,Tunisia
Algeria,DZ,37062820,2381740,Algiers,Algeria
Guelmim Es Semara,MA,501921,62825,Guelmim,Guelmim Es Semara
Souss Massa Daraa,MA,3601917,70880,Agadir,Souss Massa Daraa
Gharb Chrarda Beni Hssen,MA,1904112,8805,Kénitra,Gharb Chrarda Beni Hssen
Chaouia Ouardigha,MA,1893950,7010,Settat,Chaouia Ouardigha
Marrakech Tensift Al Haouz,MA,3576643,31160,Marrakech,Marrakech Tensift Al Haouz
Oriental,MA,2097629,82900,Oujda,Oriental
Grand Casablanca,MA,4270750,1615,Casablanca,Grand Casablanca
Rabat Sale Zemmour Zaer,MA,2676754,9580,Rabat,Rabat Sale Zemmour Zaer
Doukala Abda,MA,2183090,13285,Safi,Doukala Abda
Tadla Azilal,MA,1607506,17125,Beni Mellal,Tadla Azilal
Meknes Tafilalet,MA,2316865,79210,Meknès,Meknes Tafilalet
Fes Boulemane,MA,1808295,19795,Fès,Fes Boulemane
Taza Al Hoceima Taounate,MA,1807036,24155,Al Hoceima,Taza Al Hoceima Taounate
Tanger Tetouan,MA,3157075,11570,Tanger,Tanger Tetouan
Western Sahara,WSA,554795,266000,El Aaiun,Western Sahara
Bamako,RMM,1810366,252,Bamako,Bamako
Gao,RMM,542304,170572,Gao,Gao
Kayes,RMM,1993615,119743,Kayes,Kayes
Kidal,RMM,67739,151430,Kidal,Kidal
Koulikoro,RMM,2422108,95848,Koulikoro,Koulikoro
Mopti,RMM,2036209,79017,Mopti,Mopti
Ségou,RMM,2338349,64821,Ségou,Ségou
Sikasso,RMM,2643179,70280,Sikasso,Sikasso
Tombouctou,RMM,674793,496611,Tombouctou,Tombouctou
Adrar,RIM,62658,235002,Nouakchott,Nouakchott
Assaba,RIM,325897,36600,Kiffa,Assaba
Brakna,RIM,312277,33000,Aleg,Brakna
Dakhlet Nouadhibou,RIM,123779,23090,Nouadhibou,Dakhlet Nouadhibou
Gorgol,RIM,335917,13600,Kaedi,Gorgol
Guidimagha,RIM,267029,10300,Selibaby,Guidimagha
Hodh Chargui,RIM,430668,182700,Nema,Hodh Chargui
Hodh El Gharbi,RIM,294109,53400,Aioun,Hodh El Gharbi
Inchiri,RIM,19639,46800,Akjoujt,Inchiri
Nouakchott,RIM,958399,1000,Nouakchott,Nouakchott
Tagant,RIM,80962,98340,Tidjikja,Tagant
Tiris Zemmour,RIM,53261,252900,Zouerate,Tiris Zemmour
Trarza,RIM,272773,67800,Rosso,Trarza
Dakar,SN,3137196,547,Dakar,Dakar
Diourbel,SN,1497455,4824,Diourbel,Diourbel
Fatick,SN,714392,6849,Fatick,Fatick
Kaolack,SN,960875,5357,Kaolack,Kaolack
Kolda,SN,662455,13771,Kolda,Kolda
Louga,SN,874193,24889,Louga,Louga
Saint-Louis,SN,908942,19241,Saint-Louis,Saint-Louis
Tambacounda,SN,681310,42364,Tambacounda,Tambacounda
Thiès,SN,1788864,6670,Thiès,Thiès
Ziguinchor,SN,549151,7352,Ziguinchor,Ziguinchor
Matam,SN,562539,29445,Matam,Matam
Sédhiou,SN,452994,7341,Sedhiou,Sédhiou
Kédougou,SN,151357,16800,Kedougou,Kédougou
Kaffrine,SN,566992,11262,Kaffrine,Kaffrine
Gambia,WAG,1882450,11300,Banjul,Gambia
Guinea-Bissau,GUB,1520830,36120,Bissau,Guinea-Bissau
Guinea,RG,10628972,245860,Conakry,Guinea
Sierra Leone,SLE,7548702,71740,Freetown,Sierra Leone
Liberia,LB,3957990,111370,Monrovia,Liberia
Burkina Faso,BF,20505155,274200,Ouagadougou,Burkina Faso
Yamoussoukro,CI,422072,2074,Yamoussoukro,Yamoussoukro
Abidjan,CI,6321017,2150,Abidjan,Abidjan
Bas-Sassandra,CI,2687176,28350,San-Pedro,Bas-Sassandra
Denguélé,CI,436015,20900,Odienné,Denguélé
Gôh-Djiboua,CI,2088440,15700,Gagnoa,Gôh-Djiboua
Sassandra-Marahoué,CI,2720876,23950,Daloa,Sassandra-Marahoué
Lacs,CI,1488531,26100,Dimbokro,Lacs
Lagunes,CI,2042623,20450,Dabou,Lagunes
Montagnes,CI,3027023,30825,Man,Montagnes
Comoé,CI,1501336,14150,Abengourou,Comoé
Savanes,CI,2159434,40200,Korhogo,Savanes
Vallée du Bandama,CI,1964929,28300,Bouaké,Vallée du Bandama
Woroba,CI,1184813,31100,Séguéla,Woroba
Zanzan,CI,1344865,38200,Bondoukou,Zanzan
Ashanti,GH,5440463,24389,Kumasi,Ashanti
Bono,GH,1208649,11113,Sunyani,Bono
Bono East,GH,1203400,23248,Techiman,Bono East
Ahafo,GH,564668,5196,Goaso,Ahafo
Central,GH,2859821,9826,Cape Coast,Central
Eastern,GH,2925653,19323,Koforidua,Eastern
Greater Accra,GH,5455692,3245,Accra,Greater Accra
Northern,GH,2310939,26524,Tamale,Northern
North East,GH,658946,9070,Nalerigu,North East
Savannah,GH,653266,34790,Damongo,Savannah
Upper East,GH,1301226,8842,Bolgatanga,Upper East
Upper West,GH,901502,18476,Wa,Upper West
Volta,GH,1659040,9504,Ho,Volta
Oti,GH,747248,11066,Dambai,Oti
Western,GH,2060585,13842,Takoradi,Western
Western North,GH,880921,10079,Wiawso,Western North
Togo,RT,7706000,56790,Lomé,Togo
Benin,BEN,10008749,112620,Porto-Novo,Benin
Abia,NGR,3727300,4902,Umuahia,Abia
Abuja,NGR,3564100,7753,Abuja,Abuja
Adamawa,NGR,4248400,38823,Yola,Adamawa
Akwa Ibom,NGR,5482200,6772,Uyo,Akwa Ibom
Anambra,NGR,5527800,4816,Awka,Anambra
Bauchi,NGR,6537300,49933,Bauchi,Bauchi
Bayelsa,NGR,2278000,9415,Yenagoa,Bayelsa
Benue,NGR,5741800,31276,Makurdi,Benue
Borno,NGR,5860200,75480,Maiduguri,Borno
Cross River,NGR,3866300,21636,Calabar,Cross River
Delta,NGR,5663400,17239,Asaba,Delta
Ebonyi,NGR,2880400,6421,Abakaliki,Ebonyi
Edo,NGR,4235600,19819,Benin,Edo
Ekiti,NGR,3270800,5887,Ado-Ekiti,Ekiti
Enugu,NGR,4411100,7660,Enugu,Enugu
Gombe,NGR,3257000,17982,Gombe,Gombe
Imo,NGR,5408800,5182,Owerri,Imo
Jigawa,NGR,5828200,24515,Dutse,Jigawa
Kaduna,NGR,8252400,45711,Kaduna,Kaduna
Kano,NGR,13076900,21276,Kano,Kano
Katsina,NGR,7831300,24971,Katsina,Katsina
Kebbi,NGR,4440000,37727,Birnin Kebbi,Kebbi
Kogi,NGR,4473500,29581,Lokoja,Kogi
Kwara,NGR,3192900,34467,Ilorin,Kwara
Lagos,NGR,12550600,3496,Lagos,Lagos
Nasarawa,NGR,2523400,27271,Lafia,Nasarawa
Niger,NGR,5556200,74108,Minna,Niger
Ogun,NGR,5217700,16980,Abeokuta,Ogun
Ondo,NGR,4671700,15195,Akure,Ondo
Osun,NGR,4705600,8699,Oshogbo,Osun
Oyo,NGR,7840900,28245,Ibadan,Oyo
Plateau,NGR,4200400,27216,Jos,Plateau
Rivers,NGR,7303900,10432,Port Harcourt,Rivers
Sokoto,NGR,4998100,33776,Sokoto,Sokoto
Taraba,NGR,3066800,60291,Jalingo,Taraba
Yobe,NGR,3294100,46909,Damaturu,Yobe
Zamfara,NGR,4515400,35170,Gusau,Zamfara
Agadez,RN,487620,667799,Agadez,Agadez
Diffa,RN,593821,156906,Diffa,Diffa
Dosso,RN,2037713,33844,Dosso,Dosso
Maradi,RN,3402094,41796,Maradi,Maradi
Niamey,RN,1026848,402,Niamey,Niamey
Tahoua,RN,3328365,113371,Tahoua,Tahoua
Tillabéri,RN,2722482,97251,Tillaberi,Tillabéri
Zinder,RN,3539764,155778,Zinder,Zinder
Chad,TCH,15775400,1284000,N'Djamena,Chad
Al-Baḥr al-Aḥmar,SUD,1447800,218887,Port Sudan,Al-Baḥr al-Aḥmar
Al-Jazīrah,SUD,4926600,23373,Al Gazira,Al-Jazīrah
Al-Kharṭūm,SUD,7687500,22142,Khartoum,Al-Kharṭūm
Al-Qaḍārif,SUD,2108500,75263,Al Gedaref,Al-Qaḍārif
An-Nīl al-Abyaḍ,SUD,2410300,30411,Rabak,An-Nīl al-Abyaḍ
An-Nīl al-Azraq,SUD,1080700,45844,Ad-Damazīn,An-Nīl al-Azraq
Ash-Shamālīyah,SUD,913500,348765,Dunqulā,Ash-Shamālīyah
Gharb al-Dārfūr,SUD,995200,23000,Al-Junaynah,Gharb al-Dārfūr
Gharb Kurdufān,SUD,1737700,111373,Al-Fūlah,Gharb Kurdufān
Janūb Dārfūr,SUD,3672400,72000,Nyala,Janūb Dārfūr
Janūb Kurdufān,SUD,1263400,79470,Kāduqlī,Janūb Kurdufān
Kassalā,SUD,2438800,36710,Kassala,Kassalā
Nahr an-Nīl,SUD,1472300,122123,Ad-Dāmir,Nahr an-Nīl
Sannār,SUD,1847500,37844,Sannār,Sannār
Shamāl Dārfūr,SUD,2296100,320000,Al Fashir,Shamāl Dārfūr
Shamāl Kurdufān,SUD,2206800,185302,Al Ubayyiḑ,Shamāl Kurdufān
Sharq Dārfūr,SUD,1547800,55000,Aḍ-Ḍuayn,Sharq Dārfūr
Wasaṭ Dārfūr,SUD,729900,34000,Zālingay,Wasaṭ Dārfūr
South Sudan,SSD,11868200,644329,Juba,South Sudan
Central African Republic,RCA,6091097,622980,Bangui,Central African Republic
Adamaoua,CAM,1201000,63701,Ngaoundéré,Adamaoua
Centre,CAM,4159500,68953,Yaoundé,Centre
Est,CAM,835600,109002,Bertoua,Est
Extrême-Nord,CAM,3993000,34263,Maroua,Extrême-Nord
Littoral,CAM,3355000,20248,Douala,Littoral
Nord,CAM,2442600,66090,Garoua,Nord
Nord-Ouest,CAM,1968600,17300,Bamenda,Nord-Ouest
Ouest,CAM,1921600,13892,Bafoussam,Ouest
Sud,CAM,749600,47191,Ebolowa,Sud
Sud-Ouest,CAM,1553300,25410,Buea,Sud-Ouest
Insular,GQ,340362,2034,Malabo,Insular
Continental,GQ,885015,26017,Bata,Continental
Gabon,G,1811079,267670,Libreville,Gabon
Kouilou,RCB,84165,13650,Pointe-Noire,Pointe-Noire
Niari,RCB,255120,25942,Dolisie,Niari
Lékoumou,RCB,85617,20950,Sibiti,Lékoumou
Bouenza,RCB,319570,12265,Madingou,Bouenza
Pool,RCB,436786,33955,Kinkala,Pool
Plateaux,RCB,192596,38400,Djambala,Plateaux
Cuvette,RCB,152433,48250,Owando,Cuvette
Cuvette-Ouest,RCB,59728,26600,Ewo,Cuvette-Ouest
Sangha,RCB,81326,55800,Ouesso,Sangha
Likouala,RCB,97206,66044,Impfondo,Likouala
Brazzaville,RCB,1408150,100,Brazzaville,Brazzaville
Pointe-Noire,RCB,829134,44,Pointe-Noire,Pointe-Noire
Kinshasa,CGO,11575000,9965,Kinshasa,Kinshasa
Kongo Central,CGO,5575000,53920,Matadi,Kongo Central
Kwango,CGO,2152000,89974,Kenge,Kwango
Kwilu,CGO,5490000,78533,Bandundu,Kwilu
Mai-Ndombe,CGO,1852000,127465,Inongo,Mai-Ndombe
Kasai,CGO,2801000,93784,Luebo,Kasai
Kasai-Central,CGO,3317000,60958,Tshikapa,Kasai
Kasai-Oriental,CGO,3145000,9481,Mbuji-Mayi,Kasai-Oriental
Lomami,CGO,2443000,56426,Kabinda,Lomami
Sankuru,CGO,2110000,104331,Lodja,Sankuru
Maniema,CGO,2333000,132250,Kindu,Maniema
Sud-Kivu,CGO,5772000,69130,Bukavu,Sud-Kivu
Nord-Kivu,CGO,6655000,59483,Goma,Nord-Kivu
Ituri,CGO,3650000,65658,Bunia,Ituri
Haut-Uele,CGO,1864000,89683,Isiro,Haut-Uele
Tshopo,CGO,2352000,199567,Kisangani,Tshopo
Bas-Uele,CGO,1138000,148331,Buta,Bas-Uele
Nord-Ubangi,CGO,1269000,56644,Gbadolite,Nord-Ubangi
Mongala,CGO,1740000,58141,Lisala,Mongala
Sud-Ubangi,CGO,2458000,51648,Gemena,Sud-Ubangi
Équateur,CGO,1528000,103902,Mbandaka,Équateur
Tshuapa,CGO,1600000,132957,Boende,Tshuapa
Tanganyika,CGO,3062000,134940,Kalemi,Tanganyika
Haut-Lomami,CGO,2957000,108204,Kamina,Haut-Lomami
Lualaba,CGO,2570000,121308,Kolwezi,Lualaba
Haut-Katanga,CGO,4617000,132425,Lubumbashi,Haut-Katanga
Cabinda,ANG,716076,7270,Cabinda,Cabinda
Zaire,ANG,594428,40130,Mbanza Congo,Zaire
Uíge,ANG,1483118,58698,Uige,Uíge
Luanda,ANG,6945386,2417,Luanda,Luanda
Cuanza Norte,ANG,443386,24110,Ndalatando,Cuanza Norte
Cuanza Sul,ANG,1881873,55600,Sumbe,Cuanza Sul
Malanje,ANG,986383,97602,Malanje,Malanje
Lunda-Norte,ANG,862566,103760,Lucapa,Lunda-Norte
Lunda-Sul,ANG,537587,77367,Saurimo,Lunda-Sul
Benguela,ANG,2231385,39826,Benguela,Benguela
Huambo,ANG,2019555,34270,Huambo,Huambo
Bié,ANG,1455255,70314,Cuito,Bié
Moxico,ANG,758568,223023,Luena,Moxico
Cuando Cubango,ANG,534002,199049,Menongue,Cuando Cubango
Namibe,ANG,495326,57091,Moçâmedes,Namibe
Huíla,ANG,2497422,79023,Lubango,Huíla
Bengo,ANG,356641,31371,Caxito,Bengo
Cunene,ANG,990087,87342,Ngiva,Cunene
Namibia,NAM,2113077,825418,Windhoek,Namibia
Botswana,RB,2346179,600370,Gaborone,Botswana
Eastern Cape,RSA,6562053,168966,Bhisho,Eastern Cape
Free State,RSA,2745590,129825,Mangaung,Free State
Gauteng,RSA,12272263,18178,Johannesburg,Gauteng
KwaZulu-Natal,RSA,10267300,94361,Msunduzi,KwaZulu-Natal
Mpumalanga,RSA,4039939,76495,Mbombela,Mpumalanga
Northern Cape,RSA,1145861,372889,Kimberley,Northern Cape
Limpopo,RSA,5404868,125754,Polokwane,Limpopo
North West,RSA,3509953,104882,Mmabatho,North West
Western Cape,RSA,5822734,129462,Cape Town,Western Cape
Lesotho,LS,2007201,30350,Maseru,Lesotho
Eswatini,SD,1093238,17360,Mbabane,Eswatini
Cabo Delgado,MOC,2320261,78778,Pemba,Cabo Delgado
Gaza,MOC,1422676,75334,Xai-Xai,Gaza
Inhambane,MOC,1488676,68775,Inhambane,Inhambane
Manica,MOC,1945994,62272,Chimoio,Manica
Maputo,MOC,1968906,22693,Maputo,Cidade de Maputo
Nampula,MOC,5758920,79010,Nampula,Nampula
Niassa,MOC,1810794,122827,Lichinga,Niassa
Sofala,MOC,2259248,67753,Beira,Sofala
Tete,MOC,2648941,98417,Tete,Tete
Zambézia,MOC,5164734,103478,Quelimane,Zambézia
Cidade de Maputo,MOC,1120867,347,Maputo,Cidade de Maputo
Zimbabwe,ZW,15178979,390580,Harare,Zimbabwe
Central,Z,2252483,94394,Kabwe,Central
Copperbelt,Z,2757539,31328,Ndola,Copperbelt
Eastern,Z,2454788,94393,Chipata,Eastern
Luapula,Z,1514011,50567,Mansa,Luapula
Lusaka,Z,3079964,21896,Lusaka,Lusaka
Northern,Z,1105824,77650,Kasama,Northern
North-Western,Z,1270028,125826,Solwezi,North-Western
Southern,Z,2381728,85283,Livingstone,Southern
Western,Z,1363520,126386,Mongu,Western
Muchinga,Z,918296,87806,Chinsali,Muchinga
Malawi,MW,17563749,118480,Lilongwe,Malawi
Dodoma,EAT,3085625,41311,Dodoma,Dodoma
Arusha,EAT,2356255,37576,Arusha,Arusha
Kilimanjaro,EAT,1861934,13250,Moshi,Kilimanjaro
Tanga,EAT,2615597,26677,Tanga,Tanga
Morogoro,EAT,3197104,70624,Morogoro,Morogoro
Pwani,EAT,2024947,32547,Kibaha,Pwani
Dar es Salaam,EAT,5383728,1393,Dar es Salaam,Dar es Salaam
Lindi,EAT,1194028,66040,Lindi,Lindi
Mtwara,EAT,1634947,16710,Mtwara,Mtwara
Ruvuma,EAT,1848794,63669,Songea,Ruvuma
Iringa,EAT,1192728,35503,Iringa,Iringa
Mbeya,EAT,2343754,37700,Mbeya,Mbeya
Songwe,EAT,1344687,22600,Vwawa,Songwe
Singida,EAT,2008058,49340,Singida,Singida
Tabora,EAT,3391679,76150,Tabora,Tabora
Rukwa,EAT,1540519,22792,Sumbawanga,Rukwa
Kigoma,EAT,2470967,37040,Kigoma-Ujiji,Kigoma
Shinyanga,EAT,2241299,18901,Shinyanga,Shinyanga
Kagera,EAT,2989299,25265,Bukoba,Kagera
Mwanza,EAT,3699872,9467,Mwanza,Mwanza
Mara,EAT,2372015,21760,Musoma,Mara
Zanzibar,EAT,1889773,2460,Zanzibar,Zanzibar
Manyara,EAT,1892502,44522,Babati,Manyara
Njombe,EAT,889946,21347,Njombe,Njombe
Katavi,EAT,1152958,45843,Mpanda,Katavi
Simiyu,EAT,2140497,25212,Bariadi,Simiyu
Geita,EAT,2977608,20054,Geita,Geita
Burundi,BI,8444784,27830,Gitega,Burundi
Rwanda,RWA,13246394,26340,Kigali,Rwanda
Central,EAU,9529227,61403.2,Kampala,Central
Eastern,EAU,9042422,39478.8,Jinja,Eastern
Northern,EAU,7188139,85391.7,Gulu,Northern
Western,EAU,8874862,55276.6,Mbarara,Western
Kenya,EAK,47564296,582650,Nairobi,Kenya
Somalia,SO,15626000,637660,Mogadishu,Somalia
Djibouti,DJI,1049000,22000,Djibouti,Djibouti
Addis Ababa,ETH,3860000,526,Addis Ababa,Addis Ababa
Afar,ETH,2091000,72052,Aysaita,Afar
Amhara,ETH,22877000,154708,Bahir Dar,Amhara
Benishangul-Gumuz,ETH,1218000,50698,Asosa,Benishangul-Gumuz
Dire Dawa,ETH,535000,1558,Dire Dawa,Dire Dawa
Gambella,ETH,508000,29782,Gambella,Gambella
Harari,ETH,276000,333,Harar,Harari
Oromia,ETH,40061000,298164,Adama,Oromia
Somali,ETH,6506000,327068,Jijiga,Somali
Tigray,ETH,5739000,85366,Mekele,Tigray
Southern,ETH,13567000,59308,Awasa,Sidama
Sidama,ETH,4623000,6695,Awasa,Sidama
South West,ETH,3303000,6695,Bonga,South West
Eritrea,ER,5741159,121320,Asmara,Eritrea
Cape Verde,CV,483628,4033,Praia,Cape Verde
Sao Tome and Principe,STP,187356,1001,São Tomé,Sao Tome and Principe
Seychelles,SY,100447,455,Victoria,Seychelles
Comoros,COM,758316,2170,Moroni,Comoros
Mayotte,MYT,256518,374,Mamoutzou,Mayotte
Madagascar,RM,25674196,587041,Antananarivo,Madagascar
Mauritius,MS,1237091,2040,Port Louis,Mauritius
Reunion,RE,828581,2510,Saint-Denis,Reunion
Saint Helena,HELX,4577,391,Jamestown,Saint Helena
Greenland,GL,56081,2175600,Nuuk,Greenland
Saint Pierre and Miquelon,SPM,6008,242,Saint-Pierre,Saint Pierre and Miquelon
Bermuda,BM,61178,53.3,Hamilton,Bermuda
Alberta,CDN,4262635,640081,Edmonton,Alberta
British Columbia,CDN,5000880,922509,Victoria,British Columbia
Manitoba,CDN,1342155,552329,Winnipeg,Manitoba
New Brunswick,CDN,775610,71377,Fredericton,New Brunswick
Newfoundland and Labrador,CDN,510550,370510,St. John's,Newfoundland and Labrador
Northwest Territories,CDN,41070,1143793,Yellowknife,Northwest Territories
Nova Scotia,CDN,969380,52939,Halifax,Nova Scotia
Ontario,CDN,14223945,908607,Toronto,Ontario
Prince Edward Island,CDN,154330,5685,Charlottetown,Prince Edward Island
Quebec,CDN,8501835,1356547,Quebec,Quebec
Saskatchewan,CDN,1132505,588239,Regina,Saskatchewan
Yukon,CDN,36860,474712,Whitehorse,Yukon
Nunavut,CDN,36860,1877787,Iqaluit,Nunavut
Alabama,USA,5024279,131171,Montgomery,Alabama
Alaska,USA,733391,1477953,Juneau,Alaska
Arizona,USA,7151502,294207,Phoenix,Arizona
Arkansas,USA,3011524,134771,Little Rock,Arkansas
California,USA,39538223,403466,Sacramento,California
Colorado,USA,5773714,268431,Denver,Colorado
Connecticut,USA,3605944,12542,Hartford,Connecticut
Delaware,USA,989948,5047,Dover,Delaware
Florida,USA,21538187,138887,Tallahassee,Florida
Georgia,USA,10711908,148959,Atlanta,Georgia
Hawaii,USA,1455271,16635,Honolulu,Hawaii
Idaho,USA,1839106,214045,Boise City,Idaho
Illinois,USA,12812508,143793,Springfield,Illinois
Indiana,USA,6785528,92789,Indianapolis,Indiana
Iowa,USA,3190369,144669,Des Moines,Iowa
Kansas,USA,2937880,211754,Topeka,Kansas
Kentucky,USA,4505836,102269,Frankfort,Kentucky
Louisiana,USA,4657757,111898,Baton Rouge,Louisiana
Maine,USA,1362359,79883,Augusta,Maine
Maryland,USA,6177224,25142,Annapolis,Maryland
Massachusetts,USA,7029917,20202,Boston,Massachusetts
Michigan,USA,10077331,146435,Lansing,Michigan
Minnesota,USA,5706494,206232,St. Paul,Minnesota
Mississippi,USA,2961279,121531,Jackson,Mississippi
Missouri,USA,6154913,178040,Jefferson City,Missouri
Montana,USA,1084225,376962,Helena,Montana
Nebraska,USA,1961504,198974,Lincoln,Nebraska
Nevada,USA,3104614,284332,Carson City,Nevada
New Hampshire,USA,1377529,23187,Concord,New Hampshire
New Jersey,USA,9288994,19047,Trenton,New Jersey
New Mexico,USA,2117522,314161,Santa Fe,New Mexico
New York,USA,20201249,122057,Albany,New York
North Carolina,USA,10439388,125920,Raleigh,North Carolina
North Dakota,USA,779094,178711,Bismarck,North Dakota
Ohio,USA,11799448,105829,Columbus,Ohio
Oklahoma,USA,3959353,177660,Oklahoma City,Oklahoma
Oregon,USA,4237256,248608,Salem,Oregon
Pennsylvania,USA,13002700,115883,Harrisburg,Pennsylvania
Rhode Island,USA,1097379,2678,Providence,Rhode Island
South Carolina,USA,5118425,77857,Columbia,South Carolina
South Dakota,USA,886667,196350,Pierre,South Dakota
Tennessee,USA,6910840,106798,Nashville-Davidson,Tennessee
Texas,USA,29145505,676587,Austin,Texas
Utah,USA,3271616,212818,Salt Lake City,Utah
Vermont,USA,643077,23871,Montpelier,Vermont
Virginia,USA,8631393,102279,Richmond,Virginia
Washington,USA,7705281,172119,Olympia,Washington
West Virginia,USA,1793716,62259,Charleston,West Virginia
Wisconsin,USA,5893718,140268,Madison,Wisconsin
Wyoming,USA,576851,251470,Cheyenne,Wyoming
District of Columbia,USA,689545,158,Washington,District of Columbia
Aguascalientes,MEX,1425607,5617,Aguascalientes,Aguascalientes
Baja California,MEX,3769020,71445,Mexicali,Baja California
Baja California Sur,MEX,798447,73922,La Paz,Baja California Sur
Campeche,MEX,928363,57924,Campeche,Campeche
Chiapas,MEX,5543828,73288,Tuxtla Gutiérrez,Chiapas
Chihuahua,MEX,3741869,247455,Chihuahua,Chihuahua
Coahuila,MEX,3146771,151562,Saltillo,Coahuila
Colima,MEX,731391,5625,Colima,Colima
Durango,MEX,1832650,123451,Durango,Durango
Guanajuato,MEX,6166934,30608,Guanajuato,Guanajuato
Guerrero,MEX,3540685,63620,Chilpancingo,Guerrero
Hidalgo,MEX,3082841,20846,Pachuca,Hidalgo
Jalisco,MEX,8348151,78599,Guadalajara,Jalisco
"México, Estado de",MEX,16992418,22356,Toluca,"México, Estado de"
Michoacán,MEX,4748846,58643,Morelia,Michoacán
Morelos,MEX,1971520,4892,Cuernavaca,Morelos
Nayarit,MEX,1235456,27815,Tepic,Nayarit
Nuevo Léon,MEX,5784442,64220,Monterrey,Nuevo Léon
Oaxaca,MEX,4132148,93793,Oaxaca,Oaxaca
Puebla,MEX,6583278,34289,Puebla,Puebla
Querétaro,MEX,2368467,11683,Querétaro,Querétaro
Quintana Roo,MEX,1857985,42360,Chetumal,Quintana Roo
San Luis Potosí,MEX,2822255,60982,San Luis Potosí,San Luis Potosí
Sinaloa,MEX,3026943,57377,Culiacán,Sinaloa
Sonora,MEX,2944840,179502,Hermosillo,Sonora
Tabasco,MEX,2402598,24737,Villahermosa,Tabasco
Tamaulipas,MEX,3527735,80174,Ciudad Victoria,Tamaulipas
Tlaxcala,MEX,1342977,3991,Tlaxcala,Tlaxcala
Veracruz,MEX,8062579,71820,Xalapa-Enríquez,Veracruz
Yucatán,MEX,2320898,39612,Mérida,Yucatán
Zacatecas,MEX,1622138,75539,Zacatecas,Zacatecas
Distrito Federal,MEX,9209944,1485,Ciudad de México,Distrito Federal
Belize,BZ,430191,22960,Belmopan,Belize
Guatemala,GCA,14901286,108890,Ciudad de Guatemala,Guatemala
El Salvador,ES,6290420,21040,San Salvador,El Salvador
Atlántida,HN,436252,4372,La Ceiba,Atlántida
Colón,HN,309926,8248,Trujillo,Colón
Comayagua,HN,493466,5124,Comayagua,Comayagua
Copán,HN,371057,3242,Santa Rosa de Copan,Copán
Cortés,HN,1562394,3923,San Pedro Sula,Cortés
Choluteca,HN,437618,4360,Choluteca,Choluteca
El Paraíso,HN,444507,7489,Yuscaran,El Paraíso
Francisco Morazán,HN,1508906,8618,Tegucigalpa,Francisco Morazán
Gracias a Dios,HN,90795,16997,Puerto Lempira,Gracias a Dios
Intibucá,HN,232553,3122,La Esperanza,Intibucá
Islas de la Bahía,HN,62557,236,Roatan,Islas de la Bahía
La Paz,HN,198926,2330,La Paz,La Paz
Lempira,HN,321179,4234,Gracias,Lempira
Ocotepeque,HN,146430,1630,Nueva Ocotepeque,Ocotepeque
Olancho,HN,520761,24057,Juticalpa,Olancho
Santa Bárbara,HN,421337,5024,Santa Barbara,Santa Bárbara
Valle,HN,174511,1665,Nacaome,Valle
Yoro,HN,570595,7781,Yoro,Yoro
Nicaragua,NIC,6327927,129494,Managua,Nicaragua
San José,CR,1403963,4965,San José,San José
Alajuela,CR,847660,9757,Alajuela,Alajuela
Cartago,CR,491425,3124,Cartago,Cartago
Heredia,CR,433975,2656,Heredia,Heredia
Guanacaste,CR,326821,10140,Liberia,Guanacaste
Puntarenas,CR,410914,11265,Puntarenas,Puntarenas
Limón,CR,386954,9188,Limón,Limón
Bocas del Toro,PA,125461,4657,Bocas del Toro,Bocas del Toro
Coclé,PA,233708,4946,Penonomé,Coclé
Colón,PA,241928,4575,Colón,Colón
Guna Yala,PA,33109,2358,El Porvenir,Guna Yala
Chiriquí,PA,416873,6490,David,Chiriquí
Darién,PA,48378,11892,La Palma,Darién
Herrera,PA,109955,2362,Chitre,Herrera
Los Santos,PA,89592,3809,Las Tablas,Los Santos
Panamá,PA,1713070,8409,Panamá City,Panamá
Panamá Oeste,PA,464038,2880,La Chorrera,Panamá Oeste
Veraguas,PA,226991,10587,Santiago,Veraguas
Emberá,PA,10001,4393,Unión Chocó,Emberá
Ngäbe Buglé,PA,156747,6814,Chichica,Ngäbe Buglé
Bahamas,BS,353658,13940,Nassau,Bahamas
Turks and Caicos Islands,TUCA,53700,430,Grand Turk,Turks and Caicos Islands
Cayman Islands,CYM,69656,262,George Town,Cayman Islands
Camagüey,C,768311,15386,Camagüey,Camagüey
Ciego de Ávila,C,424750,6971,Ciego de Ávila,Ciego de Ávila
Cienfuegos,C,400768,4188,Cienfuegos,Cienfuegos
La Habana,C,2154454,728,La Habana,La Habana
Granma,C,830645,8374,Bayamo,Granma
Guantánamo,C,506369,6167,Guantánamo,Guantánamo
Holguín,C,1027683,9215,Holguín,Holguín
Las Tunas,C,525729,6592,Victoria de las Tunas,Las Tunas
Matanzas,C,697314,11791,Matanzas,Matanzas
Pinar del Río,C,585452,8883,Pinar del Río,Pinar del Río
Sancti Spíritus,C,462114,6777,Sancti Spíritus,Sancti Spíritus
Santiago de Cuba,C,1053837,6227,Santiago de Cuba,Santiago de Cuba
Villa Clara,C,783708,8411,Santa Clara,Villa Clara
Isla de la Juventud,C,84263,2419,Nueva Gerona,Isla de la Juventud
Artemisa,C,487339,4003,Artemisa,Artemisa
Mayabeque,C,371198,3743,San José de las Lajas,Mayabeque
Jamaica,JA,2697983,10991,Kingston,Jamaica
Haiti,RH,10788000,27750,Port-au-Prince,Haiti
Dominican Republic,DOM,10358300,48730,Santo Domingo,Dominican Republic
Puerto Rico,PR,3285874,8870,San Juan,Puerto Rico
Virgin Islands,VIRG,87146,346,Charlotte Amalie,Virgin Islands
British Virgin Islands,BVI,28054,153,Road Town,British Virgin Islands
Anguilla,AXA,13452,102,The Valley,Anguilla
Saint Martin,SMAR,36286,54,Marigot,Saint Martin
Sint Maarten,SX,38247,34,Philipsburg,Sint Maarten
Saint Barthelemy,SBAR,9131,21,Gustavia,Saint Barthelemy
Saint Kitts and Nevis,KN,47195,269,Basseterre,Saint Kitts and Nevis
Antigua and Barbuda,AG,81799,442,St. John's,Antigua and Barbuda
Montserrat,MNTS,4922,102,Plymouth,Montserrat
Guadeloupe,GP,394110,1628,Basse-Terre,Guadeloupe
Dominica,WD,70739,746,Roseau,Dominica
Martinique,MQ,385551,1128,Fort-de-France,Martinique
Saint Lucia,WL,165595,620,Castries,Saint Lucia
Barbados,BDS,277821,430,Bridgetown,Barbados
Saint Vincent and the Grenadines,WV,109991,389,Kingstown,Saint Vincent and the Grenadines
Grenada,WG,103328,344,Saint George's,Grenada
Trinidad and Tobago,TT,1328019,5130,Port-of-Spain,Trinidad and Tobago
Bonaire,NLB,20104,294,Kralendijk,Bonaire
Curacao,CUR,150563,444,Willemstad,Curacao
Aruba,ARU,108166,193,Oranjestad,Aruba
Amazonas,YV,146480,183500,Puerto Ayacucho,Amazonas
Anzoátegui,YV,1469747,43300,Barcelona,Anzoátegui
Apure,YV,459025,76500,San Fernando,Apure
Aragua,YV,1630308,7014,Maracay,Aragua
Barinas,YV,816264,35200,Barinas,Barinas
Bolívar,YV,1410964,240528,Ciudad Bolívar,Bolívar
Carabobo,YV,2245744,4369,Valencia,Carabobo
Cojedes,YV,323165,14800,San Carlos,Cojedes
Delta Amacuro,YV,167676,40200,Tucupita,Delta Amacuro
Falcón,YV,902847,24800,Santa Ana de Coro,Falcón
Guárico,YV,747739,64986,San Juan,Guárico
Lara,YV,1774867,19800,Barquisimeto,Lara
Mérida,YV,828592,11300,Mérida,Mérida
Miranda,YV,2675165,7950,Los Teques,Miranda
Monagas,YV,905443,28900,Maturín,Monagas
Nueva Esparta,YV,491610,1151,La Asuncion,Nueva Esparta
Portuguesa,YV,876496,15200,Guanare,Portuguesa
Sucre,YV,896291,11800,Cumaná,Sucre
Táchira,YV,1168908,10812,San Cristóbal,Táchira
Trujillo,YV,686367,7198,Trujillo,Trujillo
Yaracuy,YV,600852,7100,San Felipe,Yaracuy
Zulia,YV,3704404,50230,Maracaibo,Zulia
Distrito Federal,YV,1943901,433,Caracas,Distrito Federal
Vargas,YV,352920,1172,La Guaira,Vargas
Guyana,GUY,747884,214970,Georgetown,Guyana
Suriname,SME,541638,163270,Paramaribo,Suriname
French Guiana,GF,268700,83534,Cayenne,French Guiana
Amazonas,CO,76589,109665,Leticia,Amazonas
Antioquia,CO,6407102,63612,Medellín,Antioquia
Arauca,CO,262174,23818,Arauca,Arauca
Atlántico,CO,2535517,3388,Barranquilla,Atlántico
Bolívar,CO,2070110,25978,Cartagena,Bolívar
Boyacá,CO,1217376,23189,Tunja,Boyacá
Caldas,CO,998255,7888,Manizales,Caldas
Caquetá,CO,401849,88965,Florencia,Caquetá
Casanare,CO,420504,44640,Yopal,Casanare
Cauca,CO,1464488,29308,Popayán,Cauca
Cesar,CO,1200574,22905,Valledupar,Cesar
Chocó,CO,534826,46530,Quibdó,Chocó
Córdoba,CO,1784783,25020,Montería,Córdoba
Cundinamarca,CO,2919060,22623,Bogotá,Bogotá Distrito Especial
Guainía,CO,48114,72238,Inirida,Guainía
La Guajira,CO,880560,20848,Riohacha,La Guajira
Guaviare,CO,82767,42327,San Jose del Guaviare,Guaviare
Huila,CO,1100386,19890,Neiva,Huila
Magdalena,CO,1341746,23188,Santa Marta,Magdalena
Meta,CO,1039722,85635,Villavicencio,Meta
Nariño,CO,1630592,33268,Pasto,Nariño
Norte de Santander,CO,1491689,21658,Cúcuta,Norte de Santander
Putumayo,CO,348182,24885,Mocoa,Putumayo
Quindío,CO,539904,1845,Armenia,Quindío
Risaralda,CO,943401,4140,Pereira,Risaralda
"San Andrés, Providencia y Santa Catalina",CO,61280,44,San Andres,"San Andrés, Providencia y Santa Catalina"
Bogotá Distrito Especial,CO,7412566,1587,Bogotá,Bogotá Distrito Especial
Santander,CO,2184837,30537,Bucaramanga,Santander
Sucre,CO,904863,10917,Sincelejo,Sucre
Tolima,CO,1330187,23562,Ibagué,Tolima
Valle de Cauca,CO,4475886,22140,Cali,Valle de Cauca
Vaupés,CO,40797,65268,Mitu,Vaupés
Vichada,CO,107808,100242,Puerto Carreno,Vichada
Ecuador,EC,14483499,283560,Quito,Ecuador
Amazonas,PE,417365,39249,Chachapoyas,Amazonas
Ancash,PE,1139115,35914,Huaraz,Ancash
Apurímac,PE,424259,20895,Abancay,Apurímac
Arequipa,PE,1460433,63345,Arequipa,Arequipa
Ayacucho,PE,650940,43814,Ayacucho,Ayacucho
Cajamarca,PE,1427527,33317,Cajamarca,Cajamarca
Callao,PE,1046953,146,Callao,Callao
Cusco,PE,1315220,71986,Cusco,Cusco
Huancavelica,PE,367252,22131,Huancavelica,Huancavelica
Huánuco,PE,759962,36848,Huánuco,Huánuco
Ica,PE,893292,21327,Ica,Ica
Junín,PE,1316894,44197,Huancayo,Junín
La Libertad,PE,1888972,25499,Trujillo,La Libertad
Lambayeque,PE,1244821,14231,Chiclayo,Lambayeque
Lima,PE,972687,32126,Lima,Lima City
Lima City,PE,9162322,2670,Lima,Lima City
Loreto,PE,981897,368851,Iquitos,Loreto
Madre de Dios,PE,161204,85300,Puerto Maldonado,Madre de Dios
Moquegua,PE,182017,15733,Moquegua,Moquegua
Pasco,PE,272136,25319,Cerro de Pasco,Pasco
Piura,PE,1929970,35892,Piura,Piura
Puno,PE,1226936,71999,Puno,Puno
San Martín,PE,862459,51253,Moyobamba,San Martín
Tacna,PE,349056,16075,Tacna,Tacna
Tumbes,PE,234698,4669,Tumbes,Tumbes
Ucayali,PE,548998,102410,Pucallpa,Ucayali
La Paz,BOL,2706359,133985,La Paz,La Paz
Oruro,BOL,494178,53588,Oruro,Oruro
Potosí,BOL,823517,118218,Potosí,Potosí
Santa Cruz,BOL,2655084,370621,Santa Cruz de la Sierra,Santa Cruz
Beni,BOL,421196,213564,Trinidad,Beni
Pando,BOL,110436,63827,Cobija,Pando
Chuquisaca,BOL,576153,51524,Sucre,Chuquisaca
Cochabamba,BOL,1758143,55631,Cochabamba,Cochabamba
Tarija,BOL,482196,37623,Tarija,Tarija
Tarapacá,RCH,330558,42225,Iquique,Tarapacá
Antofagasta,RCH,607534,126049,Antofagasta,Antofagasta
Atacama,RCH,286168,75176,Copiapó,Atacama
Coquimbo,RCH,757586,40579,La Serena,Coquimbo
Valparaíso,RCH,1815902,16396,Valparaíso,Valparaíso
Libertador General Bernardo O'Higgins,RCH,914555,16387,Rancagua,Libertador General Bernardo O'Higgins
Maule,RCH,1044950,30296,Talca,Maule
Bío-Bío,RCH,1556805,23890,Concepción,Bío-Bío
Ñuble,RCH,480609,13178,Chillan,Ñuble
Araucanía,RCH,957224,31842,Temuco,Araucanía
Lagos,RCH,828708,48583,Puerto Montt,Lagos
Aysén,RCH,103158,108494,Coyhaique,Aysén
Magallanes,RCH,166533,116437,Punta Arenas,Magallanes
Santiago,RCH,7112808,15403,Santiago,Santiago
Ríos,RCH,384837,18429,Valdivia,Ríos
Arica y Parinacota,RCH,226068,16873,Arica,Arica y Parinacota
Buenos Aires,RA,17569052,307571,La Plata,Buenos Aires
Catamarca,RA,429556,102602,San Fernando del Valle de Catamarca,Catamarca
Chaco,RA,1142963,99633,Resistencia,Chaco
Chubut,RA,603120,224686,Rawson,Chubut
Córdoba,RA,3978984,165321,Córdoba,Córdoba
Corrientes,RA,1197553,88199,Corrientes,Corrientes
Entre Ríos,RA,1426426,78781,Paraná,Entre Ríos
Formosa,RA,606041,72066,Formosa,Formosa
Jujuy,RA,797955,53219,San Salvador de Jujuy,Jujuy
La Pampa,RA,366022,143440,Santa Rosa,La Pampa
La Rioja,RA,384607,89680,La Rioja,La Rioja
Mendoza,RA,2014533,148827,Mendoza,Mendoza
Misiones,RA,1280960,29801,Posadas,Misiones
Neuquén,RA,726590,94078,Neuquén,Neuquén
Río Negro,RA,762067,203013,Viedma,Río Negro
Salta,RA,1440672,155488,Salta,Salta
San Juan,RA,818234,89651,San Juan,San Juan
San Luis,RA,540905,76748,San Luis,San Luis
Santa Cruz,RA,333473,243943,Río Gallegos,Santa Cruz
Santa Fe,RA,3556522,133007,Santa Fe,Santa Fe
Santiago de Estero,RA,1054028,136351,Santiago del Estero,Santiago de Estero
Tierra del Fuego,RA,190641,21571,Ushuaia,Tierra del Fuego
Tucumán,RA,1703186,22524,San Miguel de Tucumán,Tucumán
Distrito Federal,RA,3120612,203,Buenos Aires,Distrito Federal
Paraguay,PY,6672631,406750,Asunción,Paraguay
Uruguay,ROU,3286314,176220,Montevideo,Uruguay
Acre,BR,790101,152581,Rio Branco,Acre
Alagoas,BR,3321730,27767,Maceió,Alagoas
Amapá,BR,750912,142814,Macapá,Amapá
Amazonas,BR,3873743,1570745,Manaus,Amazonas
Bahia,BR,15126371,564692,Salvador,Bahia
Ceará,BR,8842791,148825,Fortaleza,Ceará
Espírito Santo,BR,3885049,46077,Vitória,Espírito Santo
Goiás,BR,6523222,340086,Goiânia,Goiás
Maranhão,BR,6850884,331983,São Luís,Maranhão
Mato Grosso,BR,3224357,903358,Cuiabá,Mato Grosso
Mato Grosso do Sul,BR,2619657,357125,Campo Grande,Mato Grosso do Sul
Minas Gerais,BR,20734097,586528,Belo Horizonte,Minas Gerais
Pará,BR,8073924,1247689,Belém,Pará
Paraíba,BR,3943885,56439,João Pessoa,Paraíba
Paraná,BR,11081692,199315,Curitiba,Paraná
Pernambuco,BR,9277727,98311,Recife,Pernambuco
Piauí,BR,3194718,251529,Teresina,Piauí
Rio de Janeiro,BR,16461173,43696,Rio de Janeiro,Rio de Janeiro
Rio Grande do Norte,BR,3408510,52796,Natal,Rio Grande do Norte
Rio Grande do Sul,BR,11207274,268887,Porto Alegre,Rio Grande do Sul
Rondônia,BR,1748531,237576,Porto Velho,Rondônia
Roraima,BR,496936,224298,Boa Vista,Roraima
Santa Catarina,BR,6727148,95346,Florianópolis,Santa Catarina
São Paulo,BR,44035304,248209,São Paulo,São Paulo
Sergipe,BR,2219574,21910,Aracaju,Sergipe
Tocantins,BR,1496880,277620,Palmas,Tocantins
Distrito Federal,BR,2852372,5801,Brasília,Distrito Federal
Falkland Islands,FALK,3398,12173,Stanley,Falkland Islands
